date,code,open,high,low,close,preclose,volume,amount,turn,pctChg,peTTM,psTTM,pcfNcfTTM,pbMRQ,tradestatus
2021-02-23,sh.516080,0.97,1.009,0.964,0.98,,362753,35313406.0,2.49,1.14,0,0,0,0,1
2021-02-24,sh.516080,0.976,0.979,0.933,0.943,0.98,291403,27781090.0,2.0,-3.78,0,0,0,0,1
2021-02-25,sh.516080,0.951,0.955,0.935,0.938,0.943,153795,14502054.0,1.05,-0.53,0,0,0,0,1
2021-02-26,sh.516080,0.929,0.945,0.913,0.932,0.938,144754,13463026.0,0.99,-0.64,0,0,0,0,1
2021-03-01,sh.516080,0.943,0.95,0.928,0.95,0.932,80875,7627163.0,0.55,1.93,0,0,0,0,1
2021-03-02,sh.516080,0.956,0.956,0.919,0.929,0.95,135510,12618826.0,0.93,-2.21,0,0,0,0,1
2021-03-03,sh.516080,0.929,0.945,0.922,0.944,0.929,130752,12210317.0,0.9,1.61,0,0,0,0,1
2021-03-04,sh.516080,0.939,0.939,0.906,0.915,0.944,211303,19366277.0,1.45,-3.07,0,0,0,0,1
2021-03-05,sh.516080,0.916,0.916,0.891,0.911,0.915,142440,12918043.0,0.98,-0.44,0,0,0,0,1
2021-03-08,sh.516080,0.921,0.924,0.86,0.862,0.911,213553,18892788.0,1.46,-5.38,0,0,0,0,1
2021-03-09,sh.516080,0.862,0.866,0.825,0.837,0.862,205852,17473312.0,1.41,-2.9,0,0,0,0,1
2021-03-10,sh.516080,0.839,0.862,0.839,0.85,0.837,152899,13046254.0,1.05,1.55,0,0,0,0,1
2021-03-11,sh.516080,0.851,0.885,0.851,0.877,0.85,168425,14732279.0,1.15,3.18,0,0,0,0,1
2021-03-12,sh.516080,0.871,0.88,0.86,0.879,0.877,104277,9081535.0,0.71,0.23,0,0,0,0,1
2021-03-15,sh.516080,0.877,0.877,0.833,0.845,0.879,126775,10744059.0,0.87,-3.87,0,0,0,0,1
2021-03-16,sh.516080,0.845,0.86,0.838,0.856,0.845,111320,9491304.0,0.76,1.3,0,0,0,0,1
2021-03-17,sh.516080,0.857,0.865,0.841,0.862,0.856,164670,14087299.0,1.13,0.7,0,0,0,0,1
2021-03-18,sh.516080,0.862,0.887,0.862,0.884,0.862,141820,12485301.0,0.97,2.55,0,0,0,0,1
2021-03-19,sh.516080,0.869,0.886,0.865,0.871,0.884,128382,11183879.0,0.88,-1.47,0,0,0,0,1
2021-03-22,sh.516080,0.871,0.891,0.866,0.879,0.871,122755,10823233.0,0.84,0.92,0,0,0,0,1
2021-03-23,sh.516080,0.879,0.89,0.869,0.877,0.879,153564,13451544.0,1.05,-0.23,0,0,0,0,1
2021-03-24,sh.516080,0.877,0.887,0.867,0.872,0.877,98675,8623010.0,0.68,-0.57,0,0,0,0,1
2021-03-25,sh.516080,0.872,0.883,0.859,0.878,0.872,110286,9619079.0,0.76,0.69,0,0,0,0,1
2021-03-26,sh.516080,0.877,0.911,0.877,0.907,0.878,146981,13251816.0,1.01,3.3,0,0,0,0,1
2021-03-29,sh.516080,0.91,0.92,0.901,0.909,0.907,129417,11802455.0,0.89,0.22,0,0,0,0,1
2021-03-30,sh.516080,0.914,0.934,0.91,0.924,0.909,111988,10355818.0,0.77,1.65,0,0,0,0,1
2021-03-31,sh.516080,0.924,0.924,0.908,0.917,0.924,85227,7789842.0,0.58,-0.76,0,0,0,0,1
2021-04-01,sh.516080,0.917,0.933,0.917,0.931,0.917,119894,11126519.0,0.82,1.53,0,0,0,0,1
2021-04-02,sh.516080,0.935,0.941,0.927,0.933,0.931,120448,11292031.0,0.83,0.21,0,0,0,0,1
2021-04-06,sh.516080,0.933,0.938,0.921,0.924,0.933,101952,9426218.0,0.7,-0.96,0,0,0,0,1
2021-04-07,sh.516080,0.924,0.927,0.911,0.922,0.924,103102,9471222.0,0.71,-0.22,0,0,0,0,1
2021-04-08,sh.516080,0.922,0.94,0.915,0.936,0.922,180207,16845120.0,1.24,1.52,0,0,0,0,1
2021-04-09,sh.516080,0.936,0.936,0.917,0.92,0.936,123559,11366279.0,0.85,-1.71,0,0,0,0,1
2021-04-12,sh.516080,0.918,0.928,0.895,0.899,0.92,152696,13867322.0,1.05,-2.28,0,0,0,0,1
2021-04-13,sh.516080,0.897,0.914,0.897,0.905,0.899,120709,10970102.0,0.83,0.67,0,0,0,0,1
2021-04-14,sh.516080,0.905,0.915,0.897,0.908,0.905,144964,13181125.0,0.99,0.33,0,0,0,0,1
2021-04-15,sh.516080,0.908,0.911,0.895,0.907,0.908,116271,10485628.0,0.8,-0.11,0,0,0,0,1
2021-04-16,sh.516080,0.907,0.911,0.895,0.906,0.907,126431,11427007.0,0.87,-0.11,0,0,0,0,1
2021-04-19,sh.516080,0.906,0.931,0.9,0.93,0.906,173651,16038084.0,1.19,2.65,0,0,0,0,1
2021-04-20,sh.516080,0.921,0.942,0.921,0.937,0.93,121028,11292239.0,0.83,0.75,0,0,0,0,1
2021-04-21,sh.516080,0.934,0.955,0.931,0.953,0.937,133821,12693735.0,0.92,1.71,0,0,0,0,1
2021-04-22,sh.516080,0.954,0.961,0.949,0.957,0.953,148285,14207866.0,1.02,0.42,0,0,0,0,1
2021-04-23,sh.516080,0.956,0.977,0.956,0.971,0.957,140874,13654408.0,0.97,1.46,0,0,0,0,1
2021-04-26,sh.516080,0.973,1.008,0.972,0.972,0.971,256747,25550492.0,1.76,0.1,0,0,0,0,1
2021-04-27,sh.516080,0.973,0.999,0.968,0.997,0.972,159554,15819611.0,1.09,2.57,0,0,0,0,1
2021-04-28,sh.516080,0.997,1.025,0.995,1.024,0.997,520474,52853607.0,3.57,2.71,0,0,0,0,1
2021-04-29,sh.516080,1.023,1.028,1.002,1.018,1.024,258904,26351692.0,1.78,-0.59,0,0,0,0,1
2021-04-30,sh.516080,1.02,1.052,1.02,1.039,1.018,575034,59731103.0,3.94,2.06,0,0,0,0,1
2021-05-06,sh.516080,1.03,1.03,0.976,0.994,1.039,297538,29603424.0,2.04,-4.33,0,0,0,0,1
2021-05-07,sh.516080,0.993,1.003,0.964,0.965,0.994,208423,20504509.0,1.43,-2.92,0,0,0,0,1
2021-05-10,sh.516080,0.965,0.998,0.965,0.986,0.965,190721,18792671.0,1.31,2.18,0,0,0,0,1
2021-05-11,sh.516080,0.986,1.004,0.971,1.001,0.986,137736,13676853.0,0.94,1.52,0,0,0,0,1
2021-05-12,sh.516080,0.994,1.026,0.994,1.024,1.001,219745,22239489.0,1.51,2.3,0,0,0,0,1
2021-05-13,sh.516080,1.012,1.039,1.008,1.031,1.024,378727,38919894.0,2.6,0.68,0,0,0,0,1
2021-05-14,sh.516080,1.031,1.07,1.029,1.055,1.031,685322,72339949.0,4.7,2.33,0,0,0,0,1
2021-05-17,sh.516080,1.068,1.086,1.068,1.072,1.055,424397,45769096.0,2.91,1.61,0,0,0,0,1
2021-05-18,sh.516080,1.072,1.082,1.047,1.057,1.072,232723,24582541.0,1.6,-1.4,0,0,0,0,1
2021-05-19,sh.516080,1.057,1.064,1.044,1.056,1.057,105925,11159467.0,0.73,-0.09,0,0,0,0,1
2021-05-20,sh.516080,1.055,1.066,1.051,1.056,1.056,148154,15695199.0,1.02,0.0,0,0,0,0,1
2021-05-21,sh.516080,1.061,1.067,1.037,1.04,1.056,148131,15517815.0,1.02,-1.52,0,0,0,0,1
2021-05-24,sh.516080,1.04,1.04,1.004,1.029,1.04,131309,13407377.0,0.9,-1.06,0,0,0,0,1
2021-05-25,sh.516080,1.035,1.058,1.035,1.056,1.029,145779,15342664.0,1.0,2.62,0,0,0,0,1
2021-05-26,sh.516080,1.056,1.062,1.037,1.055,1.056,160460,16895631.0,1.1,-0.09,0,0,0,0,1
2021-05-27,sh.516080,1.055,1.06,1.04,1.053,1.055,134946,14198928.0,0.93,-0.19,0,0,0,0,1
2021-05-28,sh.516080,1.053,1.055,1.025,1.033,1.053,156999,16317804.0,1.08,-1.9,0,0,0,0,1
2021-05-31,sh.516080,1.028,1.063,1.028,1.056,1.033,163048,17181641.0,1.12,2.23,0,0,0,0,1
2021-06-01,sh.516080,1.057,1.072,1.048,1.072,1.056,205437,21876158.0,1.41,1.52,0,0,0,0,1
2021-06-02,sh.516080,1.072,1.079,1.049,1.053,1.072,130547,13842734.0,0.9,-1.77,0,0,0,0,1
2021-06-03,sh.516080,1.053,1.053,1.033,1.035,1.053,101549,10578706.0,0.7,-1.71,0,0,0,0,1
2021-06-04,sh.516080,1.036,1.048,1.02,1.043,1.035,102875,10673688.0,0.71,0.77,0,0,0,0,1
2021-06-07,sh.516080,1.042,1.054,1.033,1.049,1.043,117398,12278026.0,0.8,0.58,0,0,0,0,1
2021-06-08,sh.516080,1.047,1.064,1.03,1.04,1.049,86136,9019776.0,0.59,-0.86,0,0,0,0,1
2021-06-09,sh.516080,1.036,1.043,1.029,1.036,1.04,59719,6180624.0,0.41,-0.38,0,0,0,0,1
2021-06-10,sh.516080,1.036,1.055,1.036,1.048,1.036,108349,11368603.0,0.74,1.16,0,0,0,0,1
2021-06-11,sh.516080,1.05,1.052,1.034,1.047,1.048,90464,9444465.0,0.62,-0.1,0,0,0,0,1
2021-06-15,sh.516080,1.046,1.05,1.026,1.029,1.047,113449,11705835.0,0.78,-1.72,0,0,0,0,1
2021-06-16,sh.516080,1.033,1.033,1.001,1.002,1.029,122480,12396134.0,0.84,-2.62,0,0,0,0,1
2021-06-17,sh.516080,1.001,1.015,1.001,1.006,1.002,56196,5665483.0,0.39,0.4,0,0,0,0,1
2021-06-18,sh.516080,1.01,1.026,1.007,1.017,1.006,71731,7285365.0,0.49,1.09,0,0,0,0,1
2021-06-21,sh.516080,1.016,1.03,1.005,1.026,1.017,96830,9918161.0,0.66,0.88,0,0,0,0,1
2021-06-22,sh.516080,1.042,1.044,1.016,1.042,1.026,157397,16293812.0,1.08,1.56,0,0,0,0,1
2021-06-23,sh.516080,1.042,1.056,1.037,1.046,1.042,120230,12607645.0,0.82,0.38,0,0,0,0,1
2021-06-24,sh.516080,1.046,1.047,1.019,1.028,1.046,116825,11996809.0,0.8,-1.72,0,0,0,0,1
2021-06-25,sh.516080,1.028,1.048,1.021,1.045,1.028,128130,13303090.0,0.88,1.65,0,0,0,0,1
2021-06-28,sh.516080,1.049,1.065,1.045,1.064,1.045,172924,18346074.0,1.19,1.82,0,0,0,0,1
2021-06-29,sh.516080,1.064,1.064,1.049,1.052,1.064,134974,14227460.0,0.93,-1.13,0,0,0,0,1
2021-06-30,sh.516080,1.05,1.058,1.046,1.054,1.052,93195,9803180.0,0.64,0.19,0,0,0,0,1
2021-07-01,sh.516080,1.051,1.082,1.051,1.07,1.054,219650,23561156.0,1.51,1.52,0,0,0,0,1
2021-07-02,sh.516080,1.07,1.072,1.027,1.028,1.07,104615,10840869.0,0.72,-3.93,0,0,0,0,1
2021-07-05,sh.516080,1.027,1.028,1.003,1.011,1.028,188282,19010526.0,1.29,-1.65,0,0,0,0,1
2021-07-06,sh.516080,1.015,1.015,0.955,0.979,1.011,228365,22295060.0,1.57,-3.17,0,0,0,0,1
2021-07-07,sh.516080,0.978,1.005,0.971,1.0,0.979,109871,10904541.0,0.75,2.15,0,0,0,0,1
2021-07-08,sh.516080,1.0,1.009,0.984,0.985,1.0,120417,11925724.0,0.83,-1.5,0,0,0,0,1
2021-07-09,sh.516080,0.98,0.992,0.965,0.989,0.985,83264,8153332.0,0.57,0.41,0,0,0,0,1
2021-07-12,sh.516080,0.99,1.028,0.983,1.024,0.989,239105,24330382.0,1.64,3.54,0,0,0,0,1
2021-07-13,sh.516080,1.023,1.031,1.014,1.028,1.024,57537,5896275.0,0.39,0.39,0,0,0,0,1
2021-07-14,sh.516080,1.027,1.057,1.022,1.036,1.028,96837,10101904.0,0.66,0.78,0,0,0,0,1
2021-07-15,sh.516080,1.036,1.042,1.026,1.042,1.036,65336,6763906.0,0.45,0.58,0,0,0,0,1
2021-07-16,sh.516080,1.041,1.048,1.031,1.037,1.042,65387,6807834.0,0.45,-0.48,0,0,0,0,1
2021-07-19,sh.516080,1.037,1.059,1.033,1.053,1.037,100808,10607332.0,0.69,1.54,0,0,0,0,1
2021-07-20,sh.516080,1.05,1.072,1.05,1.058,1.053,92249,9806229.0,0.63,0.47,0,0,0,0,1
2021-07-21,sh.516080,1.058,1.076,1.055,1.073,1.058,171124,18307639.0,1.17,1.42,0,0,0,0,1
2021-07-22,sh.516080,1.072,1.072,1.038,1.047,1.073,126801,13282011.0,0.87,-2.42,0,0,0,0,1
2021-07-23,sh.516080,1.045,1.045,1.013,1.017,1.047,137948,14084875.0,0.95,-2.87,0,0,0,0,1
2021-07-26,sh.516080,1.017,1.025,0.951,0.972,1.017,239731,23495962.0,1.64,-4.42,0,0,0,0,1
2021-07-27,sh.516080,0.979,0.979,0.945,0.952,0.972,209106,20176547.0,1.43,-2.06,0,0,0,0,1
2021-07-28,sh.516080,0.93,0.968,0.93,0.968,0.952,222443,21054498.0,1.53,1.68,0,0,0,0,1
2021-07-29,sh.516080,0.982,0.996,0.978,0.991,0.968,112587,11136513.0,0.77,2.38,0,0,0,0,1
2021-07-30,sh.516080,0.99,0.99,0.963,0.986,0.991,144924,14126821.0,0.99,-0.5,0,0,0,0,1
2021-08-02,sh.516080,0.992,1.006,0.958,1.004,0.986,118917,11738723.0,0.82,1.83,0,0,0,0,1
2021-08-03,sh.516080,1.0,1.053,0.992,1.048,1.004,272353,28257013.0,1.87,4.38,0,0,0,0,1
2021-08-04,sh.516080,1.048,1.059,1.033,1.05,1.048,183504,19276806.0,1.26,0.19,0,0,0,0,1
2021-08-05,sh.516080,1.05,1.074,1.049,1.059,1.05,274574,29212031.0,1.88,0.86,0,0,0,0,1
2021-08-06,sh.516080,1.051,1.056,1.007,1.02,1.059,247717,25225549.0,1.7,-3.68,0,0,0,0,1
2021-08-09,sh.516080,1.006,1.021,1.0,1.018,1.02,182913,18550438.0,1.25,-0.2,0,0,0,0,1
2021-08-10,sh.516080,1.02,1.028,1.007,1.021,1.018,171738,17392582.0,1.18,0.29,0,0,0,0,1
2021-08-11,sh.516080,1.022,1.022,1.003,1.008,1.021,189644,19095367.0,1.3,-1.27,0,0,0,0,1
2021-08-12,sh.516080,1.007,1.007,0.986,0.995,1.008,197985,19648850.0,1.36,-1.29,0,0,0,0,1
2021-08-13,sh.516080,0.995,1.001,0.984,0.992,0.995,121536,12046167.0,0.83,-0.3,0,0,0,0,1
2021-08-16,sh.516080,0.99,0.995,0.982,0.985,0.992,113082,11167240.0,0.78,-0.71,0,0,0,0,1
2021-08-17,sh.516080,0.99,0.99,0.944,0.947,0.985,265993,25563992.0,1.82,-3.86,0,0,0,0,1
2021-08-18,sh.516080,0.955,0.96,0.945,0.954,0.947,139414,13269622.0,0.96,0.74,0,0,0,0,1
2021-08-19,sh.516080,0.957,0.967,0.955,0.962,0.954,114424,10991922.0,0.78,0.84,0,0,0,0,1
2021-08-20,sh.516080,0.961,0.961,0.912,0.922,0.962,359677,33304787.0,2.47,-4.16,0,0,0,0,1
2021-08-23,sh.516080,0.92,0.943,0.91,0.939,0.922,167501,15624033.0,1.15,1.84,0,0,0,0,1
2021-08-24,sh.516080,0.939,0.964,0.939,0.963,0.939,172971,16557042.0,1.19,2.56,0,0,0,0,1
2021-08-25,sh.516080,0.962,0.969,0.953,0.962,0.963,86990,8385479.0,0.6,-0.1,0,0,0,0,1
2021-08-26,sh.516080,0.966,0.966,0.929,0.932,0.962,162132,15187735.0,1.11,-3.12,0,0,0,0,1
2021-08-27,sh.516080,0.93,0.95,0.929,0.934,0.932,134232,12598145.0,0.92,0.21,0,0,0,0,1
2021-08-30,sh.516080,0.94,0.95,0.93,0.935,0.934,148615,13952467.0,1.02,0.11,0,0,0,0,1
2021-08-31,sh.516080,0.935,0.944,0.915,0.923,0.935,160756,14912424.0,1.1,-1.28,0,0,0,0,1
2021-09-01,sh.516080,0.927,0.944,0.906,0.936,0.923,129075,12022711.0,0.88,1.41,0,0,0,0,1
2021-09-02,sh.516080,0.941,0.941,0.905,0.907,0.936,207484,19004476.0,1.42,-3.1,0,0,0,0,1
2021-09-03,sh.516080,0.906,0.915,0.894,0.91,0.907,180736,16422992.0,1.24,0.33,0,0,0,0,1
2021-09-06,sh.516080,0.91,0.956,0.909,0.95,0.91,197491,18612324.0,1.35,4.4,0,0,0,0,1
2021-09-07,sh.516080,0.95,0.955,0.941,0.951,0.95,137131,12980916.0,0.94,0.11,0,0,0,0,1
2021-09-08,sh.516080,0.951,0.956,0.941,0.946,0.951,100422,9530015.0,0.69,-0.53,0,0,0,0,1
2021-09-09,sh.516080,0.95,0.958,0.941,0.946,0.946,92284,8742220.0,0.63,0.0,0,0,0,0,1
2021-09-10,sh.516080,0.945,0.947,0.933,0.946,0.946,86915,8194029.0,0.6,0.0,0,0,0,0,1
2021-09-13,sh.516080,0.95,0.96,0.934,0.939,0.946,131959,12452458.0,0.9,-0.74,0,0,0,0,1
2021-09-14,sh.516080,0.939,0.955,0.939,0.951,0.939,140141,13334851.0,0.96,1.28,0,0,0,0,1
2021-09-15,sh.516080,0.951,0.952,0.935,0.94,0.951,75412,7090676.0,0.52,-1.16,0,0,0,0,1
2021-09-16,sh.516080,0.939,0.944,0.929,0.936,0.94,52696,4938820.0,0.36,-0.43,0,0,0,0,1
2021-09-17,sh.516080,0.937,0.978,0.929,0.969,0.936,229015,22044250.0,1.57,3.53,0,0,0,0,1
2021-09-22,sh.516080,0.96,0.981,0.957,0.966,0.969,85213,8251604.0,0.58,-0.31,0,0,0,0,1
2021-09-23,sh.516080,0.971,0.978,0.954,0.965,0.966,166144,16095321.0,1.14,-0.1,0,0,0,0,1
2021-09-24,sh.516080,0.965,0.98,0.958,0.97,0.965,128306,12473930.0,0.88,0.52,0,0,0,0,1
2021-09-27,sh.516080,0.969,0.99,0.965,0.975,0.97,185129,18115104.0,1.27,0.52,0,0,0,0,1
2021-09-28,sh.516080,0.975,0.985,0.96,0.969,0.975,158544,15424114.0,1.09,-0.62,0,0,0,0,1
2021-09-29,sh.516080,0.969,0.969,0.951,0.952,0.969,163271,15601014.0,1.12,-1.75,0,0,0,0,1
2021-09-30,sh.516080,0.952,0.966,0.952,0.963,0.952,119895,11540272.0,0.82,1.16,0,0,0,0,1
2021-10-08,sh.516080,0.964,0.972,0.94,0.961,0.963,123859,11933769.0,0.85,-0.21,0,0,0,0,1
2021-10-11,sh.516080,0.961,0.973,0.942,0.943,0.961,277273,26339622.0,1.9,-1.87,0,0,0,0,1
2021-10-12,sh.516080,0.942,0.956,0.931,0.939,0.943,151483,14283830.0,1.04,-0.42,0,0,0,0,1
2021-10-13,sh.516080,0.941,0.958,0.935,0.953,0.939,171811,16292487.0,1.18,1.49,0,0,0,0,1
2021-10-14,sh.516080,0.955,0.957,0.941,0.944,0.953,97946,9264044.0,0.67,-0.94,0,0,0,0,1
2021-10-15,sh.516080,0.936,0.947,0.936,0.942,0.944,132426,12450753.0,0.91,-0.21,0,0,0,0,1
2021-10-18,sh.516080,0.942,0.942,0.922,0.928,0.942,150686,13963904.0,1.03,-1.49,0,0,0,0,1
2021-10-19,sh.516080,0.93,0.947,0.927,0.944,0.928,116907,10994526.0,0.8,1.72,0,0,0,0,1
2021-10-20,sh.516080,0.947,0.948,0.924,0.938,0.944,171084,15957509.0,1.17,-0.64,0,0,0,0,1
2021-10-21,sh.516080,0.938,0.944,0.93,0.934,0.938,119376,11163790.0,0.82,-0.43,0,0,0,0,1
2021-10-22,sh.516080,0.939,0.943,0.93,0.939,0.934,169613,15914368.0,1.16,0.54,0,0,0,0,1
2021-10-25,sh.516080,0.939,0.945,0.933,0.94,0.939,153981,14454410.0,1.06,0.11,0,0,0,0,1
2021-10-26,sh.516080,0.94,0.944,0.927,0.93,0.94,99678,9296791.0,0.68,-1.06,0,0,0,0,1
2021-10-27,sh.516080,0.93,0.93,0.911,0.914,0.93,122050,11202863.0,0.84,-1.72,0,0,0,0,1
2021-10-28,sh.516080,0.914,0.922,0.906,0.912,0.914,82504,7513759.0,0.57,-0.22,0,0,0,0,1
2021-10-29,sh.516080,0.916,0.925,0.896,0.922,0.912,152584,13975938.0,1.05,1.1,0,0,0,0,1
2021-11-01,sh.516080,0.922,0.922,0.898,0.901,0.922,204392,18456906.0,1.4,-2.28,0,0,0,0,1
2021-11-02,sh.516080,0.901,0.905,0.88,0.881,0.901,270725,24073841.0,1.86,-2.22,0,0,0,0,1
2021-11-03,sh.516080,0.883,0.895,0.883,0.888,0.881,153862,13654770.0,1.05,0.79,0,0,0,0,1
2021-11-04,sh.516080,0.889,0.893,0.88,0.885,0.888,166597,14733010.0,1.14,-0.34,0,0,0,0,1
2021-11-05,sh.516080,0.886,0.893,0.881,0.882,0.885,161156,14281717.0,1.1,-0.34,0,0,0,0,1
2021-11-08,sh.516080,0.882,0.887,0.854,0.858,0.882,220146,18945728.0,1.51,-2.72,0,0,0,0,1
2021-11-09,sh.516080,0.858,0.873,0.858,0.872,0.858,134562,11703256.0,0.92,1.63,0,0,0,0,1
2021-11-10,sh.516080,0.869,0.905,0.861,0.898,0.872,215943,19006761.0,1.48,2.98,0,0,0,0,1
2021-11-11,sh.516080,0.899,0.906,0.892,0.898,0.898,139921,12543068.0,0.96,0.0,0,0,0,0,1
2021-11-12,sh.516080,0.898,0.9,0.891,0.895,0.898,84235,7531302.0,0.58,-0.33,0,0,0,0,1
2021-11-15,sh.516080,0.896,0.913,0.895,0.912,0.895,157984,14346280.0,1.08,1.9,0,0,0,0,1
2021-11-16,sh.516080,0.908,0.938,0.908,0.931,0.912,213192,19842447.0,1.46,2.08,0,0,0,0,1
2021-11-17,sh.516080,0.935,0.946,0.933,0.936,0.931,150912,14138822.0,1.03,0.54,0,0,0,0,1
2021-11-18,sh.516080,0.94,0.94,0.92,0.92,0.936,129921,12044176.0,0.89,-1.71,0,0,0,0,1
2021-11-19,sh.516080,0.916,0.924,0.915,0.921,0.92,116256,10677593.0,0.8,0.11,0,0,0,0,1
2021-11-22,sh.516080,0.916,0.924,0.912,0.916,0.921,106610,9745952.0,0.73,-0.54,0,0,0,0,1
2021-11-23,sh.516080,0.916,0.923,0.912,0.919,0.916,148731,13653745.0,1.02,0.33,0,0,0,0,1
2021-11-24,sh.516080,0.919,0.932,0.915,0.931,0.919,132521,12272292.0,0.91,1.31,0,0,0,0,1
2021-11-25,sh.516080,0.93,0.947,0.929,0.942,0.931,165038,15517703.0,1.13,1.18,0,0,0,0,1
2021-11-26,sh.516080,0.945,0.958,0.945,0.946,0.942,160423,15230902.0,1.1,0.42,0,0,0,0,1
2021-11-29,sh.516080,0.965,0.979,0.949,0.952,0.946,220066,21159835.0,1.51,0.63,0,0,0,0,1
2021-11-30,sh.516080,0.952,0.952,0.937,0.946,0.952,119960,11306246.0,0.82,-0.63,0,0,0,0,1
2021-12-01,sh.516080,0.946,0.946,0.935,0.938,0.946,142521,13382823.0,0.98,-0.85,0,0,0,0,1
2021-12-02,sh.516080,0.935,0.937,0.92,0.922,0.938,114502,10602946.0,0.79,-1.71,0,0,0,0,1
2021-12-03,sh.516080,0.92,0.929,0.92,0.926,0.922,137426,12684895.0,0.94,0.43,0,0,0,0,1
2021-12-06,sh.516080,0.924,0.924,0.905,0.906,0.926,148356,13535169.0,1.02,-2.16,0,0,0,0,1
2021-12-07,sh.516080,0.911,0.914,0.905,0.906,0.906,100256,9098462.0,0.69,0.0,0,0,0,0,1
2021-12-08,sh.516080,0.907,0.922,0.907,0.922,0.906,133600,12275794.0,0.92,1.77,0,0,0,0,1
2021-12-09,sh.516080,0.925,0.941,0.917,0.938,0.922,189823,17752160.0,1.3,1.74,0,0,0,0,1
2021-12-10,sh.516080,0.938,0.938,0.927,0.93,0.938,113115,10533172.0,0.78,-0.85,0,0,0,0,1
2021-12-13,sh.516080,0.932,0.935,0.922,0.922,0.93,123046,11399892.0,0.84,-0.86,0,0,0,0,1
2021-12-14,sh.516080,0.927,0.935,0.923,0.928,0.922,106142,9871196.0,0.73,0.65,0,0,0,0,1
2021-12-15,sh.516080,0.923,0.934,0.899,0.9,0.928,193640,17719830.0,1.33,-3.02,0,0,0,0,1
2021-12-16,sh.516080,0.899,0.911,0.898,0.906,0.9,115347,10424656.0,0.79,0.67,0,0,0,0,1
2021-12-17,sh.516080,0.906,0.916,0.897,0.899,0.906,173418,15632518.0,1.19,-0.77,0,0,0,0,1
2021-12-20,sh.516080,0.9,0.907,0.875,0.876,0.899,177690,15704197.0,1.22,-2.56,0,0,0,0,1
2021-12-21,sh.516080,0.875,0.886,0.875,0.882,0.876,141165,12444261.0,0.97,0.68,0,0,0,0,1
2021-12-22,sh.516080,0.883,0.887,0.876,0.88,0.882,92666,8155052.0,0.64,-0.23,0,0,0,0,1
2021-12-23,sh.516080,0.881,0.881,0.872,0.875,0.88,98316,8601216.0,0.67,-0.57,0,0,0,0,1
2021-12-24,sh.516080,0.877,0.88,0.87,0.877,0.875,62879,5500095.0,0.43,0.23,0,0,0,0,1
2021-12-27,sh.516080,0.881,0.883,0.874,0.882,0.877,70087,6148032.0,0.48,0.57,0,0,0,0,1
2021-12-28,sh.516080,0.882,0.891,0.873,0.891,0.882,144320,12726813.0,0.99,1.02,0,0,0,0,1
2021-12-29,sh.516080,0.891,0.903,0.884,0.886,0.891,125291,11160425.0,0.86,-0.56,0,0,0,0,1
2021-12-30,sh.516080,0.885,0.893,0.88,0.891,0.886,96549,8584840.0,0.66,0.56,0,0,0,0,1
2021-12-31,sh.516080,0.891,0.895,0.889,0.891,0.891,74482,6636343.0,0.51,0.0,0,0,0,0,1
2022-01-04,sh.516080,0.891,0.891,0.865,0.867,0.891,259674,22544376.0,1.78,-2.69,0,0,0,0,1
2022-01-05,sh.516080,0.865,0.867,0.849,0.853,0.867,176980,15118991.0,1.21,-1.61,0,0,0,0,1
2022-01-06,sh.516080,0.853,0.856,0.84,0.852,0.853,87559,7421914.0,0.6,-0.12,0,0,0,0,1
2022-01-07,sh.516080,0.849,0.854,0.845,0.849,0.852,83719,7116397.0,0.57,-0.35,0,0,0,0,1
2022-01-10,sh.516080,0.848,0.864,0.843,0.861,0.849,111752,9612865.0,0.77,1.41,0,0,0,0,1
2022-01-11,sh.516080,0.86,0.869,0.857,0.865,0.861,74026,6401658.0,0.51,0.46,0,0,0,0,1
2022-01-12,sh.516080,0.867,0.874,0.861,0.871,0.865,69385,6033550.0,0.48,0.69,0,0,0,0,1
2022-01-13,sh.516080,0.871,0.874,0.855,0.857,0.871,69724,5998902.0,0.48,-1.61,0,0,0,0,1
2022-01-14,sh.516080,0.854,0.864,0.848,0.86,0.857,87657,7525499.0,0.6,0.35,0,0,0,0,1
2022-01-17,sh.516080,0.86,0.866,0.855,0.865,0.86,101286,8728418.0,0.69,0.58,0,0,0,0,1
2022-01-18,sh.516080,0.866,0.871,0.856,0.86,0.865,57699,4979522.0,0.4,-0.58,0,0,0,0,1
2022-01-19,sh.516080,0.86,0.86,0.83,0.837,0.86,151740,12757090.0,1.04,-2.67,0,0,0,0,1
2022-01-20,sh.516080,0.837,0.837,0.818,0.821,0.837,168409,13916251.0,1.15,-1.91,0,0,0,0,1
2022-01-21,sh.516080,0.821,0.825,0.799,0.8,0.821,162464,13058694.0,1.11,-2.56,0,0,0,0,1
2022-01-24,sh.516080,0.795,0.802,0.787,0.791,0.8,102526,8121027.0,0.7,-1.13,0,0,0,0,1
2022-01-25,sh.516080,0.79,0.794,0.772,0.774,0.791,104990,8247268.0,0.72,-2.15,0,0,0,0,1
2022-01-26,sh.516080,0.778,0.778,0.752,0.756,0.774,108284,8232328.0,0.74,-2.33,0,0,0,0,1
2022-01-27,sh.516080,0.763,0.763,0.743,0.745,0.756,129113,9690062.0,0.89,-1.46,0,0,0,0,1
2022-01-28,sh.516080,0.747,0.753,0.736,0.744,0.745,114419,8535275.0,0.78,-0.13,0,0,0,0,1
2022-02-07,sh.516080,0.758,0.763,0.749,0.752,0.744,105549,7959254.0,0.72,1.08,0,0,0,0,1
2022-02-08,sh.516080,0.747,0.754,0.727,0.739,0.752,153200,11227837.0,1.05,-1.73,0,0,0,0,1
2022-02-09,sh.516080,0.74,0.75,0.731,0.749,0.739,156916,11637247.0,1.08,1.35,0,0,0,0,1
2022-02-10,sh.516080,0.748,0.749,0.734,0.735,0.749,129775,9587564.0,0.89,-1.87,0,0,0,0,1
2022-02-11,sh.516080,0.735,0.735,0.713,0.713,0.735,135480,9777959.0,0.93,-2.99,0,0,0,0,1
2022-02-14,sh.516080,0.713,0.729,0.71,0.721,0.713,127210,9198954.0,0.87,1.12,0,0,0,0,1
2022-02-15,sh.516080,0.72,0.748,0.72,0.747,0.721,181776,13427651.0,1.25,3.61,0,0,0,0,1
2022-02-16,sh.516080,0.748,0.755,0.74,0.747,0.747,155239,11649078.0,1.06,0.0,0,0,0,0,1
2022-02-17,sh.516080,0.746,0.751,0.743,0.746,0.747,86288,6449844.0,0.59,-0.13,0,0,0,0,1
2022-02-18,sh.516080,0.748,0.753,0.739,0.753,0.746,87843,6569203.0,0.6,0.94,0,0,0,0,1
2022-02-21,sh.516080,0.758,0.762,0.751,0.758,0.753,123392,9305817.0,0.85,0.66,0,0,0,0,1
2022-02-22,sh.516080,0.758,0.758,0.738,0.74,0.758,132956,9863285.0,0.91,-2.37,0,0,0,0,1
2022-02-23,sh.516080,0.741,0.755,0.741,0.755,0.74,169405,12741272.0,1.16,2.03,0,0,0,0,1
2022-02-24,sh.516080,0.752,0.764,0.732,0.741,0.755,203909,15297210.0,1.4,-1.85,0,0,0,0,1
2022-02-25,sh.516080,0.741,0.771,0.741,0.767,0.741,186704,14317017.0,1.28,3.51,0,0,0,0,1
2022-02-28,sh.516080,0.767,0.771,0.757,0.767,0.767,142727,10891110.0,0.98,0.0,0,0,0,0,1
2022-03-01,sh.516080,0.767,0.776,0.766,0.772,0.767,70765,5460403.0,0.49,0.65,0,0,0,0,1
2022-03-02,sh.516080,0.772,0.772,0.758,0.764,0.772,136748,10405625.0,0.94,-1.04,0,0,0,0,1
2022-03-03,sh.516080,0.768,0.769,0.757,0.763,0.764,121740,9287754.0,0.83,-0.13,0,0,0,0,1
2022-03-04,sh.516080,0.763,0.775,0.757,0.764,0.763,104899,8076162.0,0.72,0.13,0,0,0,0,1
2022-03-07,sh.516080,0.763,0.763,0.737,0.738,0.764,105700,7867134.0,0.72,-3.4,0,0,0,0,1
2022-03-08,sh.516080,0.737,0.744,0.712,0.715,0.738,128799,9368295.0,0.88,-3.12,0,0,0,0,1
2022-03-09,sh.516080,0.715,0.716,0.667,0.695,0.715,90452,6303314.0,0.62,-2.8,0,0,0,0,1
2022-03-10,sh.516080,0.7,0.723,0.7,0.722,0.695,127833,9185425.0,0.88,3.88,0,0,0,0,1
2022-03-11,sh.516080,0.716,0.742,0.712,0.74,0.722,161667,11684747.0,1.11,2.49,0,0,0,0,1
2022-03-14,sh.516080,0.74,0.759,0.737,0.737,0.74,146047,10889788.0,1.0,-0.41,0,0,0,0,1
2022-03-15,sh.516080,0.735,0.744,0.715,0.715,0.737,141670,10317645.0,0.97,-2.99,0,0,0,0,1
2022-03-16,sh.516080,0.72,0.741,0.699,0.737,0.715,144388,10394915.0,0.99,3.08,0,0,0,0,1
2022-03-17,sh.516080,0.743,0.78,0.743,0.762,0.737,203846,15632795.0,1.4,3.39,0,0,0,0,1
2022-03-18,sh.516080,0.762,0.78,0.755,0.777,0.762,156486,12023697.0,1.07,1.97,0,0,0,0,1
2022-03-21,sh.516080,0.78,0.799,0.777,0.798,0.777,179992,14206296.0,1.23,2.7,0,0,0,0,1
2022-03-22,sh.516080,0.8,0.8,0.774,0.777,0.798,166332,12986629.0,1.14,-2.63,0,0,0,0,1
2022-03-23,sh.516080,0.776,0.795,0.769,0.79,0.777,172926,13648327.0,1.19,1.67,0,0,0,0,1
2022-03-24,sh.516080,0.785,0.824,0.778,0.817,0.79,268449,21674049.0,1.84,3.42,0,0,0,0,1
2022-03-25,sh.516080,0.816,0.816,0.787,0.787,0.817,120809,9676449.0,0.83,-3.67,0,0,0,0,1
2022-03-28,sh.516080,0.79,0.793,0.778,0.781,0.787,124782,9784185.0,0.86,-0.76,0,0,0,0,1
2022-03-29,sh.516080,0.786,0.795,0.775,0.79,0.781,238221,18851359.0,1.63,1.15,0,0,0,0,1
2022-03-30,sh.516080,0.793,0.799,0.777,0.796,0.79,182188,14449321.0,1.25,0.76,0,0,0,0,1
2022-03-31,sh.516080,0.797,0.809,0.791,0.794,0.796,128272,10226588.0,0.88,-0.25,0,0,0,0,1
2022-04-01,sh.516080,0.789,0.789,0.775,0.781,0.794,103194,8052806.0,0.71,-1.64,0,0,0,0,1
2022-04-06,sh.516080,0.786,0.794,0.78,0.784,0.781,184974,14496313.0,1.27,0.38,0,0,0,0,1
2022-04-07,sh.516080,0.784,0.784,0.764,0.767,0.784,174423,13437811.0,1.2,-2.17,0,0,0,0,1
2022-04-08,sh.516080,0.774,0.775,0.747,0.752,0.767,143978,10831944.0,0.99,-1.96,0,0,0,0,1
2022-04-11,sh.516080,0.75,0.755,0.733,0.736,0.752,197302,14617149.0,1.35,-2.13,0,0,0,0,1
2022-04-12,sh.516080,0.736,0.749,0.73,0.748,0.736,156545,11543772.0,1.07,1.63,0,0,0,0,1
2022-04-13,sh.516080,0.743,0.743,0.719,0.722,0.748,151139,10983524.0,1.04,-3.48,0,0,0,0,1
2022-04-14,sh.516080,0.727,0.73,0.708,0.717,0.722,123001,8859035.0,0.84,-0.69,0,0,0,0,1
2022-04-15,sh.516080,0.717,0.742,0.714,0.734,0.717,124324,9090789.0,0.85,2.37,0,0,0,0,1
2022-04-18,sh.516080,0.73,0.734,0.72,0.733,0.734,152110,11071152.0,1.04,-0.14,0,0,0,0,1
2022-04-19,sh.516080,0.733,0.735,0.714,0.717,0.733,116174,8352816.0,0.8,-2.18,0,0,0,0,1
2022-04-20,sh.516080,0.72,0.72,0.705,0.709,0.717,151864,10797628.0,1.04,-1.12,0,0,0,0,1
2022-04-21,sh.516080,0.705,0.712,0.686,0.691,0.709,125310,8794208.0,0.86,-2.54,0,0,0,0,1
2022-04-22,sh.516080,0.692,0.694,0.675,0.681,0.691,124676,8496252.0,0.85,-1.45,0,0,0,0,1
2022-04-25,sh.516080,0.68,0.68,0.643,0.646,0.681,130283,8643189.0,0.89,-5.14,0,0,0,0,1
2022-04-26,sh.516080,0.644,0.657,0.637,0.646,0.646,83332,5421337.0,0.57,0.0,0,0,0,0,1
2022-04-27,sh.516080,0.647,0.656,0.626,0.656,0.646,129111,8217682.0,0.89,1.55,0,0,0,0,1
2022-04-28,sh.516080,0.656,0.658,0.643,0.654,0.656,110494,7174072.0,0.76,-0.3,0,0,0,0,1
2022-04-29,sh.516080,0.658,0.678,0.654,0.677,0.654,138306,9188485.0,0.95,3.52,0,0,0,0,1
2022-05-05,sh.516080,0.673,0.679,0.663,0.675,0.677,109969,7425572.0,0.75,-0.3,0,0,0,0,1
2022-05-06,sh.516080,0.67,0.67,0.658,0.662,0.675,116794,7733015.0,0.8,-1.93,0,0,0,0,1
2022-05-09,sh.516080,0.662,0.672,0.656,0.668,0.662,120395,8054652.0,0.83,0.91,0,0,0,0,1
2022-05-10,sh.516080,0.668,0.678,0.658,0.674,0.668,123845,8346814.0,0.85,0.9,0,0,0,0,1
2022-05-11,sh.516080,0.675,0.71,0.675,0.695,0.674,171322,12054864.0,1.17,3.12,0,0,0,0,1
2022-05-12,sh.516080,0.695,0.712,0.691,0.707,0.695,159311,11260172.0,1.09,1.73,0,0,0,0,1
2022-05-13,sh.516080,0.71,0.715,0.697,0.705,0.707,122568,8614501.0,0.84,-0.28,0,0,0,0,1
2022-05-16,sh.516080,0.709,0.709,0.686,0.687,0.705,113620,7878083.0,0.78,-2.55,0,0,0,0,1
2022-05-17,sh.516080,0.687,0.69,0.674,0.679,0.687,113599,7692742.0,0.78,-1.16,0,0,0,0,1
2022-05-18,sh.516080,0.679,0.684,0.671,0.673,0.679,95302,6413779.0,0.65,-0.88,0,0,0,0,1
2022-05-19,sh.516080,0.67,0.673,0.663,0.673,0.673,130998,8753155.0,0.9,0.0,0,0,0,0,1
2022-05-20,sh.516080,0.673,0.692,0.673,0.687,0.673,132469,9040298.0,0.91,2.08,0,0,0,0,1
2022-05-23,sh.516080,0.69,0.69,0.683,0.687,0.687,106563,7315095.0,0.73,0.0,0,0,0,0,1
2022-05-24,sh.516080,0.687,0.687,0.656,0.657,0.687,158230,10531466.0,1.08,-4.37,0,0,0,0,1
2022-05-25,sh.516080,0.655,0.661,0.652,0.66,0.657,83856,5497075.0,0.57,0.46,0,0,0,0,1
2022-05-26,sh.516080,0.66,0.664,0.646,0.652,0.66,122014,7962072.0,0.84,-1.21,0,0,0,0,1
2022-05-27,sh.516080,0.653,0.671,0.653,0.659,0.652,158455,10494924.0,1.09,1.07,0,0,0,0,1
2022-05-30,sh.516080,0.66,0.664,0.651,0.662,0.659,173250,11414034.0,1.19,0.46,0,0,0,0,1
2022-05-31,sh.516080,0.661,0.675,0.654,0.672,0.662,155002,10332613.0,1.06,1.51,0,0,0,0,1
2022-06-01,sh.516080,0.67,0.677,0.664,0.669,0.672,134979,9018718.0,0.93,-0.45,0,0,0,0,1
2022-06-02,sh.516080,0.667,0.667,0.656,0.662,0.669,99423,6556270.0,0.68,-1.05,0,0,0,0,1
2022-06-06,sh.516080,0.663,0.682,0.658,0.682,0.662,139850,9421603.0,0.96,3.02,0,0,0,0,1
2022-06-07,sh.516080,0.681,0.696,0.681,0.695,0.682,165006,11416385.0,1.13,1.91,0,0,0,0,1
2022-06-08,sh.516080,0.695,0.718,0.695,0.709,0.695,213715,15165280.0,1.47,2.01,0,0,0,0,1
2022-06-09,sh.516080,0.704,0.712,0.691,0.694,0.709,151795,10577778.0,1.04,-2.12,0,0,0,0,1
2022-06-10,sh.516080,0.693,0.702,0.69,0.7,0.694,148110,10313754.0,1.02,0.86,0,0,0,0,1
2022-06-13,sh.516080,0.701,0.701,0.683,0.69,0.7,143511,9850976.0,0.98,-1.43,0,0,0,0,1
2022-06-14,sh.516080,0.686,0.694,0.675,0.692,0.69,157138,10731128.0,1.08,0.29,0,0,0,0,1
2022-06-15,sh.516080,0.692,0.709,0.692,0.7,0.692,184662,12952128.0,1.27,1.16,0,0,0,0,1
2022-06-16,sh.516080,0.703,0.714,0.702,0.706,0.7,158414,11235065.0,1.09,0.86,0,0,0,0,1
2022-06-17,sh.516080,0.703,0.727,0.697,0.724,0.706,192345,13726819.0,1.32,2.55,0,0,0,0,1
2022-06-20,sh.516080,0.725,0.739,0.721,0.734,0.724,177298,12994420.0,1.22,1.38,0,0,0,0,1
2022-06-21,sh.516080,0.735,0.741,0.724,0.731,0.734,157241,11488363.0,1.08,-0.41,0,0,0,0,1
2022-06-22,sh.516080,0.731,0.734,0.715,0.718,0.731,196237,14227310.0,1.35,-1.78,0,0,0,0,1
2022-06-23,sh.516080,0.715,0.718,0.704,0.717,0.718,193239,13751596.0,1.32,-0.14,0,0,0,0,1
2022-06-24,sh.516080,0.717,0.74,0.717,0.739,0.717,220409,16204109.0,1.51,3.07,0,0,0,0,1
2022-06-27,sh.516080,0.748,0.762,0.743,0.756,0.739,206108,15580664.0,1.41,2.3,0,0,0,0,1
2022-06-28,sh.516080,0.753,0.76,0.74,0.754,0.756,179441,13430772.0,1.23,-0.26,0,0,0,0,1
2022-06-29,sh.516080,0.753,0.77,0.747,0.75,0.754,152440,11591241.0,1.05,-0.53,0,0,0,0,1
2022-06-30,sh.516080,0.751,0.78,0.751,0.771,0.75,195819,15065260.0,1.34,2.8,0,0,0,0,1
2022-07-01,sh.516080,0.771,0.78,0.766,0.774,0.771,192468,14865265.0,1.32,0.39,0,0,0,0,1
2022-07-04,sh.516080,0.773,0.812,0.773,0.812,0.774,300672,24026922.0,2.06,4.91,0,0,0,0,1
2022-07-05,sh.516080,0.814,0.824,0.796,0.815,0.812,330052,26648144.0,2.26,0.37,0,0,0,0,1
2022-07-06,sh.516080,0.81,0.828,0.797,0.802,0.815,252320,20518235.0,1.73,-1.6,0,0,0,0,1
2022-07-07,sh.516080,0.801,0.803,0.777,0.788,0.802,211429,16645483.0,1.45,-1.75,0,0,0,0,1
2022-07-08,sh.516080,0.789,0.802,0.789,0.794,0.788,143779,11433499.0,0.99,0.76,0,0,0,0,1
2022-07-11,sh.516080,0.794,0.8,0.781,0.785,0.794,172701,13598724.0,1.18,-1.13,0,0,0,0,1
2022-07-12,sh.516080,0.789,0.792,0.758,0.76,0.785,209137,15969674.0,1.43,-3.18,0,0,0,0,1
2022-07-13,sh.516080,0.758,0.764,0.751,0.758,0.76,104096,7875032.0,0.71,-0.26,0,0,0,0,1
2022-07-14,sh.516080,0.762,0.781,0.758,0.773,0.758,173603,13433121.0,1.19,1.98,0,0,0,0,1
2022-07-15,sh.516080,0.773,0.776,0.753,0.755,0.773,159987,12243218.0,1.1,-2.33,0,0,0,0,1
2022-07-18,sh.516080,0.755,0.755,0.734,0.752,0.755,127973,9562611.0,0.88,-0.4,0,0,0,0,1
2022-07-19,sh.516080,0.752,0.755,0.739,0.745,0.752,167831,12470864.0,1.15,-0.93,0,0,0,0,1
2022-07-20,sh.516080,0.755,0.761,0.742,0.754,0.745,85931,6480770.0,0.59,1.21,0,0,0,0,1
2022-07-21,sh.516080,0.75,0.758,0.747,0.753,0.754,119946,9029686.0,0.82,-0.13,0,0,0,0,1
2022-07-22,sh.516080,0.757,0.759,0.739,0.742,0.753,156726,11693138.0,1.07,-1.46,0,0,0,0,1
2022-07-25,sh.516080,0.74,0.746,0.732,0.741,0.742,125407,9299984.0,0.86,-0.13,0,0,0,0,1
2022-07-26,sh.516080,0.745,0.747,0.732,0.737,0.741,117022,8613931.0,0.8,-0.54,0,0,0,0,1
2022-07-27,sh.516080,0.735,0.738,0.724,0.728,0.737,169442,12316941.0,1.16,-1.22,0,0,0,0,1
2022-07-28,sh.516080,0.732,0.732,0.72,0.722,0.728,84427,6110630.0,0.58,-0.82,0,0,0,0,1
2022-07-29,sh.516080,0.725,0.725,0.699,0.702,0.722,197430,13951951.0,1.35,-2.77,0,0,0,0,1
2022-08-01,sh.516080,0.702,0.702,0.691,0.702,0.702,90345,6323882.0,0.62,0.0,0,0,0,0,1
2022-08-02,sh.516080,0.703,0.703,0.68,0.685,0.702,169836,11657545.0,1.16,-2.42,0,0,0,0,1
2022-08-03,sh.516080,0.681,0.697,0.681,0.687,0.685,142083,9820351.0,0.97,0.29,0,0,0,0,1
2022-08-04,sh.516080,0.69,0.707,0.69,0.706,0.687,170251,11956308.0,1.17,2.77,0,0,0,0,1
2022-08-05,sh.516080,0.709,0.726,0.706,0.726,0.706,191939,13823880.0,1.32,2.83,0,0,0,0,1
2022-08-08,sh.516080,0.728,0.73,0.716,0.718,0.726,89036,6428369.0,0.61,-1.1,0,0,0,0,1
2022-08-09,sh.516080,0.718,0.718,0.708,0.714,0.718,87482,6213587.0,0.6,-0.56,0,0,0,0,1
2022-08-10,sh.516080,0.713,0.714,0.699,0.704,0.714,105828,7447552.0,0.73,-1.4,0,0,0,0,1
2022-08-11,sh.516080,0.706,0.726,0.706,0.726,0.704,156995,11300229.0,1.08,3.13,0,0,0,0,1
2022-08-12,sh.516080,0.726,0.729,0.717,0.727,0.726,151783,11002662.0,1.04,0.14,0,0,0,0,1
2022-08-15,sh.516080,0.727,0.727,0.714,0.716,0.727,74600,5341685.0,0.51,-1.51,0,0,0,0,1
2022-08-16,sh.516080,0.715,0.716,0.704,0.706,0.716,126897,8982350.0,0.87,-1.4,0,0,0,0,1
2022-08-17,sh.516080,0.706,0.715,0.702,0.712,0.706,106739,7583537.0,0.73,0.85,0,0,0,0,1
2022-08-18,sh.516080,0.713,0.713,0.698,0.699,0.712,127560,8951617.0,0.87,-1.83,0,0,0,0,1
2022-08-19,sh.516080,0.699,0.699,0.692,0.693,0.699,123485,8573888.0,0.85,-0.86,0,0,0,0,1
2022-08-22,sh.516080,0.692,0.695,0.68,0.695,0.693,107145,7404285.0,0.73,0.29,0,0,0,0,1
2022-08-23,sh.516080,0.69,0.695,0.68,0.682,0.695,118441,8093859.0,0.81,-1.87,0,0,0,0,1
2022-08-24,sh.516080,0.682,0.687,0.671,0.671,0.682,134035,9070410.0,0.92,-1.61,0,0,0,0,1
2022-08-25,sh.516080,0.672,0.681,0.668,0.678,0.671,153906,10400547.0,1.06,1.04,0,0,0,0,1
2022-08-26,sh.516080,0.678,0.694,0.678,0.682,0.678,193031,13216816.0,1.32,0.59,0,0,0,0,1
2022-08-29,sh.516080,0.676,0.677,0.669,0.674,0.682,197937,13304465.0,1.36,-1.17,0,0,0,0,1
2022-08-30,sh.516080,0.672,0.675,0.665,0.67,0.674,157073,10501460.0,1.08,-0.59,0,0,0,0,1
2022-08-31,sh.516080,0.67,0.687,0.669,0.681,0.67,200346,13573195.0,1.37,1.64,0,0,0,0,1
2022-09-01,sh.516080,0.681,0.689,0.677,0.678,0.681,192943,13209198.0,1.32,-0.44,0,0,0,0,1
2022-09-02,sh.516080,0.678,0.689,0.67,0.673,0.678,119718,8096251.0,0.82,-0.74,0,0,0,0,1
2022-09-05,sh.516080,0.675,0.675,0.657,0.662,0.673,168846,11152001.0,1.16,-1.63,0,0,0,0,1
2022-09-06,sh.516080,0.665,0.665,0.657,0.661,0.662,121300,7993222.0,0.83,-0.15,0,0,0,0,1
2022-09-07,sh.516080,0.664,0.664,0.652,0.657,0.661,134246,8813432.0,0.92,-0.61,0,0,0,0,1
2022-09-08,sh.516080,0.657,0.662,0.65,0.651,0.657,147920,9681160.0,1.01,-0.91,0,0,0,0,1
2022-09-09,sh.516080,0.652,0.664,0.652,0.663,0.651,136086,8992794.0,0.93,1.84,0,0,0,0,1
2022-09-13,sh.516080,0.663,0.663,0.646,0.646,0.663,255191,16580034.0,1.75,-2.56,0,0,0,0,1
2022-09-14,sh.516080,0.64,0.645,0.636,0.645,0.646,130233,8354470.0,0.89,-0.15,0,0,0,0,1
2022-09-15,sh.516080,0.646,0.657,0.638,0.64,0.645,202226,13038269.0,1.39,-0.78,0,0,0,0,1
2022-09-16,sh.516080,0.641,0.642,0.62,0.621,0.64,222058,13938600.0,1.52,-2.97,0,0,0,0,1
2022-09-19,sh.516080,0.619,0.624,0.613,0.616,0.621,125857,7754932.0,0.86,-0.81,0,0,0,0,1
2022-09-20,sh.516080,0.619,0.62,0.611,0.617,0.616,133005,8193691.0,0.91,0.16,0,0,0,0,1
2022-09-21,sh.516080,0.614,0.614,0.602,0.603,0.617,144400,8726404.0,0.99,-2.27,0,0,0,0,1
2022-09-22,sh.516080,0.601,0.603,0.593,0.594,0.603,164013,9779791.0,1.12,-1.49,0,0,0,0,1
2022-09-23,sh.516080,0.595,0.599,0.586,0.593,0.594,146300,8695300.0,1.0,-0.17,0,0,0,0,1
2022-09-26,sh.516080,0.591,0.595,0.585,0.586,0.593,136584,8079320.0,0.94,-1.18,0,0,0,0,1
2022-09-27,sh.516080,0.588,0.612,0.586,0.611,0.586,154967,9285110.0,1.06,4.27,0,0,0,0,1
2022-09-28,sh.516080,0.613,0.618,0.603,0.603,0.611,166507,10136240.0,1.14,-1.31,0,0,0,0,1
2022-09-29,sh.516080,0.609,0.63,0.609,0.617,0.603,138730,8655085.0,0.95,2.32,0,0,0,0,1
2022-09-30,sh.516080,0.614,0.625,0.614,0.614,0.617,107707,6657253.0,0.74,-0.49,0,0,0,0,1
2022-10-10,sh.516080,0.614,0.619,0.593,0.597,0.614,111542,6718273.0,0.76,-2.77,0,0,0,0,1
2022-10-11,sh.516080,0.595,0.595,0.582,0.587,0.597,162434,9530856.0,1.11,-1.68,0,0,0,0,1
2022-10-12,sh.516080,0.589,0.595,0.57,0.594,0.587,159823,9259492.0,1.1,1.19,0,0,0,0,1
2022-10-13,sh.516080,0.59,0.62,0.589,0.614,0.594,192356,11755750.0,1.32,3.37,0,0,0,0,1
2022-10-14,sh.516080,0.614,0.67,0.614,0.665,0.614,304991,19989968.0,2.09,8.31,0,0,0,0,1
2022-10-17,sh.516080,0.665,0.685,0.665,0.67,0.665,149732,10090507.0,1.03,0.75,0,0,0,0,1
2022-10-18,sh.516080,0.671,0.689,0.66,0.683,0.67,253455,17284623.0,1.74,1.94,0,0,0,0,1
2022-10-19,sh.516080,0.683,0.683,0.664,0.67,0.683,156662,10494458.0,1.07,-1.9,0,0,0,0,1
2022-10-20,sh.516080,0.668,0.683,0.663,0.666,0.67,167597,11267434.0,1.15,-0.6,0,0,0,0,1
2022-10-21,sh.516080,0.665,0.673,0.659,0.668,0.666,119628,7951960.0,0.82,0.3,0,0,0,0,1
2022-10-24,sh.516080,0.668,0.675,0.643,0.646,0.668,154570,10093121.0,1.06,-3.29,0,0,0,0,1
2022-10-25,sh.516080,0.645,0.65,0.628,0.636,0.646,135351,8601446.0,0.93,-1.55,0,0,0,0,1
2022-10-26,sh.516080,0.638,0.682,0.638,0.672,0.636,174722,11676255.0,1.2,5.66,0,0,0,0,1
2022-10-27,sh.516080,0.675,0.679,0.658,0.67,0.672,159643,10659506.0,1.09,-0.3,0,0,0,0,1
2022-10-28,sh.516080,0.667,0.677,0.655,0.659,0.67,191009,12718865.0,1.31,-1.64,0,0,0,0,1
2022-10-31,sh.516080,0.659,0.664,0.641,0.654,0.659,110579,7214284.0,0.76,-0.76,0,0,0,0,1
2022-11-01,sh.516080,0.657,0.683,0.649,0.682,0.654,182818,12127302.0,1.25,4.28,0,0,0,0,1
2022-11-02,sh.516080,0.679,0.713,0.676,0.694,0.682,274722,19222746.0,1.88,1.76,0,0,0,0,1
2022-11-03,sh.516080,0.689,0.697,0.679,0.689,0.694,132944,9114350.0,0.91,-0.72,0,0,0,0,1
2022-11-04,sh.516080,0.691,0.712,0.689,0.705,0.689,134720,9423265.0,0.92,2.32,0,0,0,0,1
2022-11-07,sh.516080,0.705,0.709,0.698,0.709,0.705,195209,13736061.0,1.34,0.57,0,0,0,0,1
2022-11-08,sh.516080,0.702,0.702,0.693,0.696,0.709,139685,9722919.0,0.96,-1.83,0,0,0,0,1
2022-11-09,sh.516080,0.693,0.707,0.693,0.7,0.696,142143,9936959.0,0.97,0.57,0,0,0,0,1
2022-11-10,sh.516080,0.7,0.703,0.689,0.691,0.7,96005,6675028.0,0.66,-1.29,0,0,0,0,1
2022-11-11,sh.516080,0.709,0.722,0.693,0.695,0.691,353412,25243128.0,2.42,0.58,0,0,0,0,1
2022-11-14,sh.516080,0.694,0.715,0.685,0.71,0.695,209748,14826727.0,1.44,2.16,0,0,0,0,1
2022-11-15,sh.516080,0.712,0.714,0.698,0.714,0.71,157881,11178574.0,1.08,0.56,0,0,0,0,1
2022-11-16,sh.516080,0.715,0.734,0.709,0.716,0.714,242489,17522605.0,1.66,0.28,0,0,0,0,1
2022-11-17,sh.516080,0.716,0.72,0.705,0.718,0.716,205325,14642873.0,1.41,0.28,0,0,0,0,1
2022-11-18,sh.516080,0.718,0.731,0.715,0.726,0.718,227886,16541217.0,1.56,1.11,0,0,0,0,1
2022-11-21,sh.516080,0.718,0.726,0.712,0.726,0.726,130439,9408842.0,0.89,0.0,0,0,0,0,1
2022-11-22,sh.516080,0.726,0.733,0.699,0.702,0.726,132198,9417205.0,0.91,-3.31,0,0,0,0,1
2022-11-23,sh.516080,0.7,0.702,0.679,0.686,0.702,153572,10521814.0,1.05,-2.28,0,0,0,0,1
2022-11-24,sh.516080,0.685,0.694,0.683,0.689,0.686,104212,7173580.0,0.71,0.44,0,0,0,0,1
2022-11-25,sh.516080,0.689,0.689,0.674,0.683,0.689,115658,7864887.0,0.79,-0.87,0,0,0,0,1
2022-11-28,sh.516080,0.68,0.68,0.668,0.675,0.683,90389,6065271.0,0.62,-1.17,0,0,0,0,1
2022-11-29,sh.516080,0.677,0.693,0.675,0.692,0.675,112539,7744326.0,0.77,2.52,0,0,0,0,1
2022-11-30,sh.516080,0.693,0.693,0.681,0.684,0.692,86470,5924737.0,0.59,-1.16,0,0,0,0,1
2022-12-01,sh.516080,0.695,0.695,0.682,0.689,0.684,104879,7205005.0,0.72,0.73,0,0,0,0,1
2022-12-02,sh.516080,0.689,0.689,0.683,0.685,0.689,79757,5472370.0,0.55,-0.58,0,0,0,0,1
2022-12-05,sh.516080,0.688,0.69,0.678,0.682,0.685,84559,5773149.0,0.58,-0.44,0,0,0,0,1
2022-12-06,sh.516080,0.682,0.689,0.675,0.677,0.682,115632,7916994.0,0.79,-0.73,0,0,0,0,1
2022-12-07,sh.516080,0.677,0.688,0.67,0.684,0.677,94678,6453930.0,0.65,1.03,0,0,0,0,1
2022-12-08,sh.516080,0.684,0.687,0.68,0.682,0.684,75232,5133042.0,0.52,-0.29,0,0,0,0,1
2022-12-09,sh.516080,0.682,0.686,0.678,0.683,0.682,86789,5905883.0,0.6,0.15,0,0,0,0,1
2022-12-12,sh.516080,0.685,0.693,0.685,0.688,0.683,89470,6161343.0,0.61,0.73,0,0,0,0,1
2022-12-13,sh.516080,0.688,0.692,0.675,0.687,0.688,85530,5834421.0,0.59,-0.15,0,0,0,0,1
2022-12-14,sh.516080,0.689,0.69,0.682,0.683,0.687,79401,5432354.0,0.54,-0.58,0,0,0,0,1
2022-12-15,sh.516080,0.681,0.685,0.674,0.677,0.683,69774,4732060.0,0.48,-0.88,0,0,0,0,1
2022-12-16,sh.516080,0.675,0.687,0.675,0.685,0.677,109244,7455567.0,0.75,1.18,0,0,0,0,1
2022-12-19,sh.516080,0.684,0.684,0.658,0.659,0.685,127753,8499426.0,0.88,-3.8,0,0,0,0,1
2022-12-20,sh.516080,0.656,0.661,0.648,0.651,0.659,79968,5210721.0,0.55,-1.21,0,0,0,0,1
2022-12-21,sh.516080,0.656,0.656,0.646,0.65,0.651,65844,4285122.0,0.45,-0.15,0,0,0,0,1
2022-12-22,sh.516080,0.652,0.667,0.65,0.656,0.65,75717,4996516.0,0.52,0.92,0,0,0,0,1
2022-12-23,sh.516080,0.66,0.663,0.651,0.662,0.656,113370,7467511.0,0.78,0.91,0,0,0,0,1
2022-12-26,sh.516080,0.663,0.666,0.66,0.661,0.662,62456,4148689.0,0.43,-0.15,0,0,0,0,1
2022-12-27,sh.516080,0.661,0.665,0.652,0.663,0.661,112930,7447712.0,0.77,0.3,0,0,0,0,1
2022-12-28,sh.516080,0.66,0.672,0.66,0.669,0.663,73588,4924701.0,0.5,0.9,0,0,0,0,1
2022-12-29,sh.516080,0.662,0.688,0.662,0.682,0.669,108672,7382175.0,0.75,1.94,0,0,0,0,1
2022-12-30,sh.516080,0.682,0.687,0.68,0.682,0.682,46565,3185856.0,0.32,0.0,0,0,0,0,1
2023-01-03,sh.516080,0.68,0.692,0.68,0.687,0.682,74611,5133146.0,0.51,0.73,0,0,0,0,1
2023-01-04,sh.516080,0.687,0.697,0.687,0.694,0.687,73668,5108186.0,0.51,1.02,0,0,0,0,1
2023-01-05,sh.516080,0.695,0.72,0.695,0.715,0.694,134988,9617094.0,0.93,3.03,0,0,0,0,1
2023-01-06,sh.516080,0.716,0.716,0.708,0.711,0.715,104209,7411477.0,0.71,-0.56,0,0,0,0,1
2023-01-09,sh.516080,0.708,0.72,0.708,0.716,0.711,61603,4388288.0,0.42,0.7,0,0,0,0,1
2023-01-10,sh.516080,0.716,0.729,0.712,0.723,0.716,103857,7510510.0,0.71,0.98,0,0,0,0,1
2023-01-11,sh.516080,0.721,0.732,0.72,0.721,0.723,83544,6067284.0,0.57,-0.28,0,0,0,0,1
2023-01-12,sh.516080,0.721,0.727,0.717,0.718,0.721,83251,6020427.0,0.57,-0.42,0,0,0,0,1
2023-01-13,sh.516080,0.719,0.735,0.717,0.734,0.718,144714,10506445.0,0.99,2.23,0,0,0,0,1
2023-01-16,sh.516080,0.734,0.773,0.734,0.761,0.734,217105,16501680.0,1.49,3.68,0,0,0,0,1
2023-01-17,sh.516080,0.762,0.763,0.749,0.753,0.761,117843,8939076.0,0.81,-1.05,0,0,0,0,1
2023-01-18,sh.516080,0.753,0.753,0.744,0.747,0.753,76365,5704537.0,0.52,-0.8,0,0,0,0,1
2023-01-19,sh.516080,0.747,0.774,0.743,0.765,0.747,122421,9334615.0,0.84,2.41,0,0,0,0,1
2023-01-20,sh.516080,0.762,0.776,0.762,0.763,0.765,86419,6639629.0,0.59,-0.26,0,0,0,0,1
2023-01-30,sh.516080,0.764,0.772,0.751,0.753,0.763,109443,8312409.0,0.75,-1.31,0,0,0,0,1
2023-01-31,sh.516080,0.75,0.755,0.734,0.736,0.753,111130,8253189.0,0.76,-2.26,0,0,0,0,1
2023-02-01,sh.516080,0.739,0.741,0.728,0.741,0.736,114811,8431601.0,0.79,0.68,0,0,0,0,1
2023-02-02,sh.516080,0.742,0.759,0.739,0.749,0.741,107599,8122520.0,0.74,1.08,0,0,0,0,1
2023-02-03,sh.516080,0.747,0.755,0.739,0.746,0.749,86565,6446209.0,0.59,-0.4,0,0,0,0,1
2023-02-06,sh.516080,0.744,0.744,0.729,0.733,0.746,88750,6504889.0,0.61,-1.74,0,0,0,0,1
2023-02-07,sh.516080,0.732,0.739,0.725,0.731,0.733,87134,6375642.0,0.6,-0.27,0,0,0,0,1
2023-02-08,sh.516080,0.734,0.741,0.732,0.733,0.731,70291,5174960.0,0.48,0.27,0,0,0,0,1
2023-02-09,sh.516080,0.733,0.739,0.73,0.739,0.733,92068,6772283.0,0.63,0.82,0,0,0,0,1
2023-02-10,sh.516080,0.74,0.742,0.731,0.737,0.739,65166,4806828.0,0.45,-0.27,0,0,0,0,1
2023-02-13,sh.516080,0.74,0.752,0.737,0.741,0.737,111094,8249540.0,0.76,0.54,0,0,0,0,1
2023-02-14,sh.516080,0.738,0.744,0.735,0.74,0.741,65937,4864969.0,0.45,-0.13,0,0,0,0,1
2023-02-15,sh.516080,0.738,0.74,0.725,0.728,0.74,83341,6070059.0,0.57,-1.62,0,0,0,0,1
2023-02-16,sh.516080,0.728,0.733,0.712,0.718,0.728,107038,7793849.0,0.73,-1.37,0,0,0,0,1
2023-02-17,sh.516080,0.718,0.725,0.713,0.717,0.718,84707,6099973.0,0.58,-0.14,0,0,0,0,1
2023-02-20,sh.516080,0.717,0.73,0.71,0.727,0.717,67303,4841511.0,0.46,1.39,0,0,0,0,1
2023-02-21,sh.516080,0.727,0.731,0.724,0.726,0.727,92332,6699042.0,0.63,-0.14,0,0,0,0,1
2023-02-22,sh.516080,0.729,0.733,0.721,0.722,0.726,57241,4155994.0,0.39,-0.55,0,0,0,0,1
2023-02-23,sh.516080,0.725,0.73,0.716,0.719,0.722,76750,5543034.0,0.53,-0.42,0,0,0,0,1
2023-02-24,sh.516080,0.723,0.723,0.711,0.713,0.719,73080,5218785.0,0.5,-0.83,0,0,0,0,1
2023-02-27,sh.516080,0.71,0.712,0.703,0.706,0.713,89836,6357451.0,0.62,-0.98,0,0,0,0,1
2023-02-28,sh.516080,0.706,0.717,0.706,0.716,0.706,151482,10777790.0,1.04,1.42,0,0,0,0,1
2023-03-01,sh.516080,0.713,0.716,0.708,0.715,0.716,107869,7690543.0,0.74,-0.14,0,0,0,0,1
2023-03-02,sh.516080,0.716,0.716,0.707,0.709,0.715,104643,7427848.0,0.72,-0.84,0,0,0,0,1
2023-03-03,sh.516080,0.709,0.716,0.707,0.708,0.709,128289,9116637.0,0.88,-0.14,0,0,0,0,1
2023-03-06,sh.516080,0.708,0.71,0.703,0.708,0.708,74209,5250599.0,0.51,0.0,0,0,0,0,1
2023-03-07,sh.516080,0.707,0.712,0.696,0.696,0.708,100538,7073317.0,0.69,-1.69,0,0,0,0,1
2023-03-08,sh.516080,0.694,0.695,0.689,0.692,0.696,76731,5319209.0,0.53,-0.57,0,0,0,0,1
2023-03-09,sh.516080,0.692,0.7,0.692,0.696,0.692,97700,6797224.0,0.67,0.58,0,0,0,0,1
2023-03-10,sh.516080,0.696,0.701,0.687,0.698,0.696,86061,5966678.0,0.59,0.29,0,0,0,0,1
2023-03-13,sh.516080,0.69,0.695,0.688,0.692,0.698,63632,4395643.0,0.44,-0.86,0,0,0,0,1
2023-03-14,sh.516080,0.691,0.702,0.689,0.693,0.692,85756,5962841.0,0.59,0.14,0,0,0,0,1
2023-03-15,sh.516080,0.696,0.702,0.692,0.692,0.693,70622,4928076.0,0.48,-0.14,0,0,0,0,1
2023-03-16,sh.516080,0.692,0.694,0.683,0.684,0.692,109329,7515489.0,0.75,-1.16,0,0,0,0,1
2023-03-17,sh.516080,0.687,0.69,0.672,0.674,0.684,90838,6161395.0,0.62,-1.46,0,0,0,0,1
2023-03-20,sh.516080,0.674,0.678,0.66,0.666,0.674,83757,5567313.0,0.57,-1.19,0,0,0,0,1
2023-03-21,sh.516080,0.666,0.687,0.666,0.686,0.666,79342,5391959.0,0.54,3.0,0,0,0,0,1
2023-03-22,sh.516080,0.689,0.694,0.685,0.69,0.686,62600,4330773.0,0.43,0.58,0,0,0,0,1
2023-03-23,sh.516080,0.687,0.692,0.683,0.687,0.69,83953,5778509.0,0.58,-0.43,0,0,0,0,1
2023-03-24,sh.516080,0.691,0.691,0.679,0.68,0.687,77612,5299854.0,0.53,-1.02,0,0,0,0,1
2023-03-27,sh.516080,0.68,0.694,0.672,0.689,0.68,55308,3779048.0,0.38,1.32,0,0,0,0,1
2023-03-28,sh.516080,0.689,0.689,0.682,0.685,0.689,54950,3765812.0,0.38,-0.58,0,0,0,0,1
2023-03-29,sh.516080,0.685,0.685,0.675,0.676,0.685,83378,5651321.0,0.57,-1.31,0,0,0,0,1
2023-03-30,sh.516080,0.677,0.679,0.67,0.678,0.676,81799,5523298.0,0.56,0.3,0,0,0,0,1
2023-03-31,sh.516080,0.678,0.679,0.671,0.673,0.678,97007,6541743.0,0.67,-0.74,0,0,0,0,1
2023-04-03,sh.516080,0.673,0.677,0.666,0.667,0.673,114135,7624280.0,0.78,-0.89,0,0,0,0,1
2023-04-04,sh.516080,0.667,0.672,0.663,0.672,0.667,117426,7833802.0,0.81,0.75,0,0,0,0,1
2023-04-06,sh.516080,0.675,0.68,0.67,0.68,0.672,152514,10318363.0,1.05,1.19,0,0,0,0,1
2023-04-07,sh.516080,0.683,0.706,0.681,0.706,0.68,162926,11388908.0,1.12,3.82,0,0,0,0,1
2023-04-10,sh.516080,0.709,0.719,0.709,0.712,0.706,214137,15265240.0,1.47,0.85,0,0,0,0,1
2023-04-11,sh.516080,0.712,0.715,0.703,0.708,0.712,156757,11107402.0,1.07,-0.56,0,0,0,0,1
2023-04-12,sh.516080,0.708,0.714,0.7,0.703,0.708,117465,8299939.0,0.81,-0.71,0,0,0,0,1
2023-04-13,sh.516080,0.703,0.721,0.697,0.72,0.703,184172,13146687.0,1.26,2.42,0,0,0,0,1
2023-04-14,sh.516080,0.721,0.735,0.716,0.719,0.72,232862,16850079.0,1.6,-0.14,0,0,0,0,1
2023-04-17,sh.516080,0.716,0.728,0.714,0.725,0.719,193386,13969900.0,1.33,0.83,0,0,0,0,1
2023-04-18,sh.516080,0.723,0.723,0.711,0.713,0.725,131786,9408639.0,0.9,-1.66,0,0,0,0,1
2023-04-19,sh.516080,0.714,0.715,0.7,0.703,0.713,130379,9188419.0,0.89,-1.4,0,0,0,0,1
2023-04-20,sh.516080,0.704,0.706,0.69,0.692,0.703,149032,10380926.0,1.02,-1.56,0,0,0,0,1
2023-04-21,sh.516080,0.691,0.698,0.686,0.688,0.692,139744,9668337.0,0.96,-0.58,0,0,0,0,1
2023-04-24,sh.516080,0.691,0.698,0.68,0.684,0.688,123225,8490809.0,0.84,-0.58,0,0,0,0,1
2023-04-25,sh.516080,0.683,0.683,0.655,0.661,0.684,179537,11922127.0,1.23,-3.36,0,0,0,0,1
2023-04-26,sh.516080,0.664,0.668,0.661,0.667,0.661,68661,4567578.0,0.47,0.91,0,0,0,0,1
2023-04-27,sh.516080,0.666,0.676,0.666,0.672,0.667,78001,5223464.0,0.53,0.75,0,0,0,0,1
2023-04-28,sh.516080,0.675,0.679,0.666,0.675,0.672,97375,6531250.0,0.67,0.45,0,0,0,0,1
2023-05-04,sh.516080,0.675,0.68,0.671,0.675,0.675,109666,7418853.0,0.75,0.0,0,0,0,0,1
2023-05-05,sh.516080,0.675,0.675,0.659,0.66,0.675,134509,8931217.0,0.92,-2.22,0,0,0,0,1
2023-05-08,sh.516080,0.658,0.664,0.652,0.66,0.66,108329,7105337.0,0.74,0.0,0,0,0,0,1
2023-05-09,sh.516080,0.659,0.659,0.647,0.648,0.66,157121,10244917.0,1.08,-1.82,0,0,0,0,1
2023-05-10,sh.516080,0.649,0.652,0.642,0.65,0.648,74577,4826350.0,0.51,0.31,0,0,0,0,1
2023-05-11,sh.516080,0.65,0.662,0.649,0.65,0.65,113397,7421436.0,0.78,0.0,0,0,0,0,1
2023-05-12,sh.516080,0.648,0.654,0.644,0.645,0.65,83160,5403124.0,0.57,-0.77,0,0,0,0,1
2023-05-15,sh.516080,0.642,0.659,0.641,0.658,0.645,86740,5631832.0,0.59,2.02,0,0,0,0,1
2023-05-16,sh.516080,0.66,0.669,0.66,0.665,0.658,101670,6757599.0,0.7,1.06,0,0,0,0,1
2023-05-17,sh.516080,0.666,0.666,0.657,0.66,0.665,73840,4873916.0,0.51,-0.75,0,0,0,0,1
2023-05-18,sh.516080,0.664,0.664,0.65,0.653,0.66,84848,5561290.0,0.58,-1.06,0,0,0,0,1
2023-05-19,sh.516080,0.651,0.664,0.651,0.662,0.653,94785,6254649.0,0.65,1.38,0,0,0,0,1
2023-05-22,sh.516080,0.662,0.671,0.662,0.666,0.662,88960,5912787.0,0.61,0.6,0,0,0,0,1
2023-05-23,sh.516080,0.665,0.678,0.665,0.672,0.666,118673,8004862.0,0.81,0.9,0,0,0,0,1
2023-05-24,sh.516080,0.672,0.672,0.659,0.661,0.672,101104,6700798.0,0.69,-1.64,0,0,0,0,1
2023-05-25,sh.516080,0.659,0.661,0.651,0.657,0.661,89504,5865412.0,0.61,-0.61,0,0,0,0,1
2023-05-26,sh.516080,0.656,0.665,0.652,0.661,0.657,73613,4857818.0,0.5,0.61,0,0,0,0,1
2023-05-29,sh.516080,0.663,0.665,0.653,0.659,0.661,69771,4600322.0,0.48,-0.3,0,0,0,0,1
2023-05-30,sh.516080,0.659,0.661,0.64,0.651,0.659,149057,9647680.0,1.02,-1.21,0,0,0,0,1
2023-05-31,sh.516080,0.654,0.654,0.638,0.64,0.651,102866,6638276.0,0.71,-1.69,0,0,0,0,1
2023-06-01,sh.516080,0.639,0.651,0.638,0.644,0.64,95536,6169841.0,0.66,0.63,0,0,0,0,1
2023-06-02,sh.516080,0.65,0.65,0.641,0.645,0.644,80689,5197014.0,0.55,0.16,0,0,0,0,1
2023-06-05,sh.516080,0.649,0.649,0.638,0.643,0.645,99262,6353702.0,0.68,-0.31,0,0,0,0,1
2023-06-06,sh.516080,0.639,0.64,0.626,0.628,0.643,106900,6777746.0,0.73,-2.33,0,0,0,0,1
2023-06-07,sh.516080,0.627,0.632,0.617,0.619,0.628,112180,7010607.0,0.77,-1.43,0,0,0,0,1
2023-06-08,sh.516080,0.62,0.62,0.611,0.614,0.619,109486,6715083.0,0.75,-0.81,0,0,0,0,1
2023-06-09,sh.516080,0.613,0.625,0.613,0.621,0.614,63401,3922176.0,0.43,1.14,0,0,0,0,1
2023-06-12,sh.516080,0.621,0.621,0.613,0.618,0.621,90134,5566583.0,0.62,-0.48,0,0,0,0,1
2023-06-13,sh.516080,0.619,0.622,0.613,0.617,0.618,89990,5546165.0,0.62,-0.16,0,0,0,0,1
2023-06-14,sh.516080,0.617,0.624,0.615,0.617,0.617,97655,6058984.0,0.67,0.0,0,0,0,0,1
2023-06-15,sh.516080,0.617,0.631,0.616,0.63,0.617,105905,6626831.0,0.73,2.11,0,0,0,0,1
2023-06-16,sh.516080,0.633,0.638,0.628,0.632,0.63,89029,5637941.0,0.61,0.32,0,0,0,0,1
2023-06-19,sh.516080,0.631,0.632,0.624,0.627,0.632,111629,7004249.0,0.77,-0.79,0,0,0,0,1
2023-06-20,sh.516080,0.626,0.63,0.62,0.621,0.627,94285,5882814.0,0.65,-0.96,0,0,0,0,1
2023-06-21,sh.516080,0.62,0.62,0.602,0.603,0.621,129152,7849795.0,0.89,-2.9,0,0,0,0,1
2023-06-26,sh.516080,0.602,0.605,0.597,0.6,0.603,124033,7443745.0,0.85,-0.5,0,0,0,0,1
2023-06-27,sh.516080,0.604,0.608,0.6,0.601,0.6,123866,7468064.0,0.85,0.17,0,0,0,0,1
2023-06-28,sh.516080,0.602,0.604,0.597,0.601,0.601,66619,4003347.0,0.46,0.0,0,0,0,0,1
2023-06-29,sh.516080,0.6,0.603,0.596,0.599,0.601,84719,5082114.0,0.58,-0.33,0,0,0,0,1
2023-06-30,sh.516080,0.604,0.611,0.598,0.606,0.599,80972,4913566.0,0.56,1.17,0,0,0,0,1
2023-07-03,sh.516080,0.607,0.612,0.605,0.609,0.606,97475,5926161.0,0.67,0.5,0,0,0,0,1
2023-07-04,sh.516080,0.607,0.621,0.602,0.617,0.609,151526,9238958.0,1.04,1.31,0,0,0,0,1
2023-07-05,sh.516080,0.622,0.622,0.614,0.615,0.617,99134,6103326.0,0.68,-0.32,0,0,0,0,1
2023-07-06,sh.516080,0.613,0.613,0.603,0.606,0.615,109882,6695873.0,0.75,-1.46,0,0,0,0,1
2023-07-07,sh.516080,0.605,0.607,0.601,0.605,0.606,101392,6130675.0,0.7,-0.17,0,0,0,0,1
2023-07-10,sh.516080,0.607,0.613,0.606,0.608,0.605,95045,5791184.0,0.65,0.5,0,0,0,0,1
2023-07-11,sh.516080,0.607,0.613,0.605,0.612,0.608,90245,5500922.0,0.62,0.66,0,0,0,0,1
2023-07-12,sh.516080,0.613,0.614,0.604,0.606,0.612,117079,7132037.0,0.8,-0.98,0,0,0,0,1
2023-07-13,sh.516080,0.609,0.619,0.607,0.617,0.606,95581,5884647.0,0.66,1.82,0,0,0,0,1
2023-07-14,sh.516080,0.62,0.62,0.613,0.614,0.617,122100,7511817.0,0.84,-0.49,0,0,0,0,1
2023-07-17,sh.516080,0.614,0.614,0.603,0.607,0.614,69679,4217839.0,0.48,-1.14,0,0,0,0,1
2023-07-18,sh.516080,0.608,0.609,0.603,0.608,0.607,85404,5175241.0,0.59,0.16,0,0,0,0,1
2023-07-19,sh.516080,0.608,0.609,0.602,0.605,0.608,37667,2275048.0,0.26,-0.49,0,0,0,0,1
2023-07-20,sh.516080,0.605,0.608,0.598,0.6,0.605,110668,6670895.0,0.76,-0.83,0,0,0,0,1
2023-07-21,sh.516080,0.601,0.614,0.598,0.606,0.6,139691,8493830.0,0.96,1.0,0,0,0,0,1
2023-07-24,sh.516080,0.609,0.618,0.607,0.613,0.606,133181,8178826.0,0.91,1.16,0,0,0,0,1
2023-07-25,sh.516080,0.615,0.619,0.612,0.618,0.613,124561,7664542.0,0.85,0.82,0,0,0,0,1
2023-07-26,sh.516080,0.618,0.63,0.617,0.627,0.618,165989,10381771.0,1.14,1.46,0,0,0,0,1
2023-07-27,sh.516080,0.624,0.63,0.623,0.626,0.627,96899,6067305.0,0.66,-0.16,0,0,0,0,1
2023-07-28,sh.516080,0.623,0.636,0.622,0.634,0.626,103524,6516208.0,0.71,1.28,0,0,0,0,1
2023-07-31,sh.516080,0.635,0.639,0.619,0.623,0.634,220021,13882690.0,1.51,-1.74,0,0,0,0,1
2023-08-01,sh.516080,0.622,0.631,0.618,0.619,0.623,105922,6615677.0,0.73,-0.64,0,0,0,0,1
2023-08-02,sh.516080,0.619,0.619,0.607,0.61,0.619,329978,20160670.0,2.26,-1.45,0,0,0,0,1
2023-08-03,sh.516080,0.611,0.621,0.607,0.621,0.61,94132,5808965.0,0.65,1.8,0,0,0,0,1
2023-08-04,sh.516080,0.62,0.623,0.613,0.615,0.621,153992,9477887.0,1.06,-0.97,0,0,0,0,1
2023-08-07,sh.516080,0.612,0.612,0.589,0.594,0.615,363027,21563019.0,2.49,-3.41,0,0,0,0,1
2023-08-08,sh.516080,0.589,0.596,0.586,0.594,0.594,126306,7472365.0,0.87,0.0,0,0,0,0,1
2023-08-09,sh.516080,0.594,0.612,0.591,0.606,0.594,176739,10681493.0,1.21,2.02,0,0,0,0,1
2023-08-10,sh.516080,0.606,0.61,0.6,0.607,0.606,104086,6303241.0,0.71,0.17,0,0,0,0,1
2023-08-11,sh.516080,0.608,0.612,0.601,0.603,0.607,103298,6250686.0,0.71,-0.66,0,0,0,0,1
2023-08-14,sh.516080,0.601,0.606,0.594,0.605,0.603,53703,3213292.0,0.37,0.33,0,0,0,0,1
2023-08-15,sh.516080,0.605,0.605,0.596,0.603,0.605,59387,3559949.0,0.41,-0.33,0,0,0,0,1
2023-08-16,sh.516080,0.603,0.609,0.6,0.601,0.603,45829,2777560.0,0.31,-0.33,0,0,0,0,1
2023-08-17,sh.516080,0.597,0.604,0.595,0.603,0.601,78176,4679648.0,0.54,0.33,0,0,0,0,1
2023-08-18,sh.516080,0.601,0.602,0.591,0.592,0.603,125534,7473481.0,0.86,-1.82,0,0,0,0,1
2023-08-21,sh.516080,0.592,0.594,0.584,0.585,0.592,105144,6176604.0,0.72,-1.18,0,0,0,0,1
2023-08-22,sh.516080,0.588,0.59,0.571,0.578,0.585,169530,9789374.0,1.16,-1.2,0,0,0,0,1
2023-08-23,sh.516080,0.58,0.58,0.569,0.569,0.578,133355,7664776.0,0.91,-1.56,0,0,0,0,1
2023-08-24,sh.516080,0.572,0.587,0.568,0.585,0.569,109208,6294601.0,0.75,2.81,0,0,0,0,1
2023-08-25,sh.516080,0.585,0.587,0.575,0.581,0.585,95300,5549548.0,0.65,-0.68,0,0,0,0,1
2023-08-28,sh.516080,0.609,0.61,0.583,0.585,0.581,125051,7434297.0,0.86,0.69,0,0,0,0,1
2023-08-29,sh.516080,0.586,0.601,0.583,0.6,0.585,138889,8273751.0,0.95,2.56,0,0,0,0,1
2023-08-30,sh.516080,0.601,0.602,0.597,0.6,0.6,60811,3644863.0,0.42,0.0,0,0,0,0,1
2023-08-31,sh.516080,0.596,0.599,0.595,0.597,0.6,88542,5279581.0,0.61,-0.5,0,0,0,0,1
2023-09-01,sh.516080,0.598,0.598,0.591,0.593,0.597,29717,1761136.0,0.2,-0.67,0,0,0,0,1
2023-09-04,sh.516080,0.594,0.598,0.591,0.595,0.593,41079,2442136.0,0.28,0.34,0,0,0,0,1
2023-09-05,sh.516080,0.597,0.597,0.592,0.594,0.595,36385,2161445.0,0.25,-0.17,0,0,0,0,1
2023-09-06,sh.516080,0.592,0.592,0.582,0.583,0.594,105684,6172068.0,0.72,-1.85,0,0,0,0,1
2023-09-07,sh.516080,0.582,0.584,0.574,0.577,0.583,79187,4571678.0,0.54,-1.03,0,0,0,0,1
2023-09-08,sh.516080,0.576,0.579,0.573,0.577,0.577,35701,2059312.0,0.24,0.0,0,0,0,0,1
2023-09-11,sh.516080,0.582,0.595,0.577,0.595,0.577,138009,8155656.0,0.95,3.12,0,0,0,0,1
2023-09-12,sh.516080,0.595,0.598,0.59,0.594,0.595,57186,3409240.0,0.39,-0.17,0,0,0,0,1
2023-09-13,sh.516080,0.594,0.596,0.586,0.59,0.594,16911,997584.0,0.12,-0.67,0,0,0,0,1
2023-09-14,sh.516080,0.59,0.593,0.585,0.591,0.59,71255,4193585.0,0.49,0.17,0,0,0,0,1
2023-09-15,sh.516080,0.59,0.61,0.59,0.605,0.591,142539,8587178.0,0.98,2.37,0,0,0,0,1
2023-09-18,sh.516080,0.605,0.614,0.601,0.614,0.605,174937,10685576.0,1.2,1.49,0,0,0,0,1
2023-09-19,sh.516080,0.613,0.617,0.609,0.611,0.614,80276,4912715.0,0.55,-0.49,0,0,0,0,1
2023-09-20,sh.516080,0.613,0.613,0.607,0.61,0.611,88065,5364418.0,0.6,-0.16,0,0,0,0,1
2023-09-21,sh.516080,0.612,0.612,0.6,0.602,0.61,93263,5623118.0,0.64,-1.31,0,0,0,0,1
2023-09-22,sh.516080,0.602,0.609,0.594,0.609,0.602,131890,7934235.0,0.9,1.16,0,0,0,0,1
2023-09-25,sh.516080,0.61,0.621,0.609,0.617,0.609,94149,5815428.0,0.65,1.31,0,0,0,0,1
2023-09-26,sh.516080,0.618,0.62,0.615,0.616,0.617,68086,4194226.0,0.47,-0.16,0,0,0,0,1
2023-09-27,sh.516080,0.618,0.636,0.618,0.632,0.616,237264,14976881.0,1.63,2.6,0,0,0,0,1
2023-09-28,sh.516080,0.633,0.637,0.629,0.63,0.632,140261,8879640.0,0.96,-0.32,0,0,0,0,1
2023-10-09,sh.516080,0.63,0.641,0.624,0.638,0.63,157565,10023901.0,1.08,1.27,0,0,0,0,1
2023-10-10,sh.516080,0.638,0.638,0.626,0.626,0.638,85845,5412025.0,0.59,-1.88,0,0,0,0,1
2023-10-11,sh.516080,0.626,0.652,0.626,0.643,0.626,213702,13806347.0,1.47,2.72,0,0,0,0,1
2023-10-12,sh.516080,0.646,0.655,0.643,0.65,0.643,163128,10576584.0,1.12,1.09,0,0,0,0,1
2023-10-13,sh.516080,0.649,0.655,0.64,0.651,0.65,172520,11247831.0,1.18,0.15,0,0,0,0,1
2023-10-16,sh.516080,0.653,0.66,0.642,0.646,0.651,190270,12394003.0,1.3,-0.77,0,0,0,0,1
2023-10-17,sh.516080,0.643,0.645,0.634,0.643,0.646,204537,13045233.0,1.4,-0.46,0,0,0,0,1
2023-10-18,sh.516080,0.645,0.645,0.629,0.631,0.643,169355,10706741.0,1.16,-1.87,0,0,0,0,1
2023-10-19,sh.516080,0.631,0.631,0.621,0.621,0.631,219723,13730423.0,1.51,-1.58,0,0,0,0,1
2023-10-20,sh.516080,0.621,0.621,0.608,0.611,0.621,134037,8219747.0,0.92,-1.61,0,0,0,0,1
2023-10-23,sh.516080,0.61,0.613,0.6,0.607,0.611,159907,9717217.0,1.1,-0.65,0,0,0,0,1
2023-10-24,sh.516080,0.612,0.615,0.602,0.613,0.607,83683,5093808.0,0.57,0.99,0,0,0,0,1
2023-10-25,sh.516080,0.617,0.622,0.606,0.606,0.613,130643,7983203.0,0.9,-1.14,0,0,0,0,1
2023-10-26,sh.516080,0.605,0.609,0.601,0.609,0.606,267663,16226380.0,1.84,0.5,0,0,0,0,1
2023-10-27,sh.516080,0.609,0.641,0.603,0.637,0.609,311993,19525625.0,2.14,4.6,0,0,0,0,1
2023-10-30,sh.516080,0.636,0.659,0.635,0.655,0.637,297983,19527746.0,2.04,2.83,0,0,0,0,1
2023-10-31,sh.516080,0.655,0.66,0.646,0.654,0.655,331281,21656286.0,2.27,-0.15,0,0,0,0,1
2023-11-01,sh.516080,0.653,0.655,0.642,0.651,0.654,142085,9226146.0,0.97,-0.46,0,0,0,0,1
2023-11-02,sh.516080,0.654,0.659,0.649,0.65,0.651,142058,9280373.0,0.97,-0.15,0,0,0,0,1
2023-11-03,sh.516080,0.653,0.656,0.647,0.65,0.65,100512,6553106.0,0.69,0.0,0,0,0,0,1
2023-11-06,sh.516080,0.653,0.675,0.652,0.67,0.65,217756,14551600.0,1.49,3.08,0,0,0,0,1
2023-11-07,sh.516080,0.667,0.677,0.667,0.668,0.67,135754,9104766.0,0.93,-0.3,0,0,0,0,1
2023-11-08,sh.516080,0.668,0.681,0.665,0.674,0.668,195176,13184406.0,1.34,0.9,0,0,0,0,1
2023-11-09,sh.516080,0.675,0.68,0.663,0.666,0.674,151775,10200368.0,1.04,-1.19,0,0,0,0,1
2023-11-10,sh.516080,0.659,0.67,0.658,0.664,0.666,144003,9566308.0,0.99,-0.3,0,0,0,0,1
2023-11-13,sh.516080,0.667,0.668,0.655,0.658,0.664,97910,6437936.0,0.67,-0.9,0,0,0,0,1
2023-11-14,sh.516080,0.658,0.663,0.652,0.655,0.658,153115,10053271.0,1.05,-0.46,0,0,0,0,1
2023-11-15,sh.516080,0.661,0.668,0.658,0.661,0.655,154964,10244549.0,1.06,0.92,0,0,0,0,1
2023-11-16,sh.516080,0.661,0.664,0.649,0.65,0.661,118960,7774256.0,0.82,-1.66,0,0,0,0,1
2023-11-17,sh.516080,0.65,0.657,0.647,0.657,0.65,148646,9679019.0,1.02,1.08,0,0,0,0,1
2023-11-20,sh.516080,0.657,0.663,0.653,0.662,0.657,112671,7435740.0,0.77,0.76,0,0,0,0,1
2023-11-21,sh.516080,0.663,0.668,0.66,0.661,0.662,127280,8430772.0,0.87,-0.15,0,0,0,0,1
2023-11-22,sh.516080,0.66,0.66,0.651,0.652,0.661,95925,6285456.0,0.66,-1.36,0,0,0,0,1
2023-11-23,sh.516080,0.654,0.657,0.65,0.656,0.652,148995,9745006.0,1.02,0.61,0,0,0,0,1
2023-11-24,sh.516080,0.654,0.661,0.652,0.656,0.656,155290,10186582.0,1.06,0.0,0,0,0,0,1
2023-11-27,sh.516080,0.655,0.655,0.645,0.65,0.656,121301,7882251.0,0.83,-0.91,0,0,0,0,1
2023-11-28,sh.516080,0.654,0.664,0.647,0.664,0.65,220651,14539189.0,1.51,2.15,0,0,0,0,1
2023-11-29,sh.516080,0.664,0.666,0.655,0.658,0.664,119686,7908144.0,0.82,-0.9,0,0,0,0,1
2023-11-30,sh.516080,0.656,0.664,0.654,0.66,0.658,88068,5815022.0,0.6,0.3,0,0,0,0,1
2023-12-01,sh.516080,0.659,0.665,0.652,0.658,0.66,119444,7853449.0,0.82,-0.3,0,0,0,0,1
2023-12-04,sh.516080,0.66,0.66,0.636,0.638,0.658,180209,11584156.0,1.24,-3.04,0,0,0,0,1
2023-12-05,sh.516080,0.634,0.641,0.631,0.631,0.638,187887,11928112.0,1.29,-1.1,0,0,0,0,1
2023-12-06,sh.516080,0.631,0.642,0.628,0.634,0.631,165518,10466812.0,1.13,0.48,0,0,0,0,1
2023-12-07,sh.516080,0.632,0.633,0.625,0.626,0.634,151029,9478934.0,1.04,-1.26,0,0,0,0,1
2023-12-08,sh.516080,0.626,0.631,0.624,0.628,0.626,55179,3463937.0,0.38,0.32,0,0,0,0,1
2023-12-11,sh.516080,0.627,0.638,0.622,0.636,0.628,113659,7154147.0,0.78,1.27,0,0,0,0,1
2023-12-12,sh.516080,0.637,0.637,0.629,0.632,0.636,70430,4452614.0,0.48,-0.63,0,0,0,0,1
2023-12-13,sh.516080,0.634,0.638,0.629,0.631,0.632,82948,5258441.0,0.57,-0.16,0,0,0,0,1
2023-12-14,sh.516080,0.633,0.64,0.632,0.633,0.631,63960,4062935.0,0.44,0.32,0,0,0,0,1
2023-12-15,sh.516080,0.633,0.637,0.618,0.621,0.633,105613,6590007.0,0.72,-1.9,0,0,0,0,1
2023-12-18,sh.516080,0.621,0.626,0.614,0.619,0.621,111133,6885988.0,0.76,-0.32,0,0,0,0,1
2023-12-19,sh.516080,0.618,0.618,0.609,0.612,0.619,78979,4832683.0,0.54,-1.13,0,0,0,0,1
2023-12-20,sh.516080,0.615,0.62,0.608,0.608,0.612,97527,5971985.0,0.67,-0.65,0,0,0,0,1
2023-12-21,sh.516080,0.606,0.612,0.604,0.609,0.608,99667,6069969.0,0.68,0.16,0,0,0,0,1
2023-12-22,sh.516080,0.609,0.61,0.602,0.604,0.609,122007,7381640.0,0.84,-0.82,0,0,0,0,1
2023-12-25,sh.516080,0.604,0.61,0.601,0.61,0.604,70453,4270020.0,0.48,0.99,0,0,0,0,1
2023-12-26,sh.516080,0.608,0.608,0.599,0.602,0.61,80737,4864944.0,0.55,-1.31,0,0,0,0,1
2023-12-27,sh.516080,0.602,0.607,0.6,0.606,0.602,75786,4570472.0,0.52,0.66,0,0,0,0,1
2023-12-28,sh.516080,0.606,0.615,0.603,0.613,0.606,106118,6462142.0,0.73,1.16,0,0,0,0,1
2023-12-29,sh.516080,0.615,0.623,0.615,0.622,0.613,118093,7337966.0,0.81,1.47,0,0,0,0,1
2024-01-02,sh.516080,0.626,0.626,0.611,0.616,0.622,81933,5047678.0,0.56,-0.96,0,0,0,0,1
2024-01-03,sh.516080,0.613,0.619,0.61,0.612,0.616,57803,3542117.0,0.4,-0.65,0,0,0,0,1
2024-01-04,sh.516080,0.61,0.611,0.601,0.605,0.612,94255,5699931.0,0.65,-1.14,0,0,0,0,1
2024-01-05,sh.516080,0.603,0.603,0.59,0.593,0.605,143497,8552222.0,0.98,-1.98,0,0,0,0,1
2024-01-08,sh.516080,0.59,0.592,0.582,0.584,0.593,125874,7377714.0,0.86,-1.52,0,0,0,0,1
2024-01-09,sh.516080,0.588,0.588,0.579,0.584,0.584,116250,6775463.0,0.8,0.0,0,0,0,0,1
2024-01-10,sh.516080,0.58,0.585,0.577,0.578,0.584,111438,6479587.0,0.76,-1.03,0,0,0,0,1
2024-01-11,sh.516080,0.581,0.588,0.578,0.584,0.578,125182,7304980.0,0.86,1.04,0,0,0,0,1
2024-01-12,sh.516080,0.586,0.589,0.578,0.579,0.584,102845,5990869.0,0.71,-0.86,0,0,0,0,1
2024-01-15,sh.516080,0.583,0.586,0.576,0.578,0.579,94540,5482363.0,0.65,-0.17,0,0,0,0,1
2024-01-16,sh.516080,0.582,0.582,0.569,0.577,0.578,106854,6127812.0,0.73,-0.17,0,0,0,0,1
2024-01-17,sh.516080,0.576,0.577,0.558,0.558,0.577,131425,7443760.0,0.9,-3.29,0,0,0,0,1
2024-01-18,sh.516080,0.55,0.564,0.545,0.564,0.558,172188,9520751.0,1.18,1.08,0,0,0,0,1
2024-01-19,sh.516080,0.561,0.564,0.557,0.56,0.564,122169,6842287.0,0.84,-0.71,0,0,0,0,1
2024-01-22,sh.516080,0.555,0.558,0.533,0.537,0.56,139719,7626544.0,0.96,-4.11,0,0,0,0,1
2024-01-23,sh.516080,0.537,0.543,0.532,0.541,0.537,128905,6934832.0,0.88,0.74,0,0,0,0,1
2024-01-24,sh.516080,0.541,0.545,0.525,0.541,0.541,150808,8030387.0,1.03,0.0,0,0,0,0,1
2024-01-25,sh.516080,0.545,0.551,0.536,0.548,0.541,152780,8349363.0,1.05,1.29,0,0,0,0,1
2024-01-26,sh.516080,0.549,0.551,0.525,0.528,0.548,256407,13729230.0,1.76,-3.65,0,0,0,0,1
2024-01-29,sh.516080,0.525,0.532,0.512,0.513,0.528,162889,8476969.0,1.12,-2.84,0,0,0,0,1
2024-01-30,sh.516080,0.512,0.513,0.501,0.502,0.513,132548,6730565.0,0.91,-2.14,0,0,0,0,1
2024-01-31,sh.516080,0.497,0.499,0.483,0.485,0.502,168289,8253442.0,1.15,-3.39,0,0,0,0,1
2024-02-01,sh.516080,0.483,0.496,0.479,0.486,0.485,151014,7347982.0,1.04,0.21,0,0,0,0,1
2024-02-02,sh.516080,0.486,0.49,0.454,0.467,0.486,215915,10178458.0,1.48,-3.91,0,0,0,0,1
2024-02-05,sh.516080,0.465,0.472,0.441,0.461,0.467,205354,9334510.0,1.41,-1.28,0,0,0,0,1
2024-02-06,sh.516080,0.459,0.507,0.454,0.507,0.461,240824,11743739.0,1.65,9.98,0,0,0,0,1
2024-02-07,sh.516080,0.506,0.528,0.505,0.528,0.507,301006,15648399.0,2.06,4.14,0,0,0,0,1
2024-02-08,sh.516080,0.524,0.537,0.521,0.526,0.528,249218,13168471.0,1.71,-0.38,0,0,0,0,1
2024-02-19,sh.516080,0.53,0.53,0.515,0.523,0.526,176469,9205710.0,1.21,-0.57,0,0,0,0,1
2024-02-20,sh.516080,0.523,0.531,0.518,0.526,0.523,104855,5516368.0,0.72,0.57,0,0,0,0,1
2024-02-21,sh.516080,0.527,0.539,0.52,0.528,0.526,199003,10518316.0,1.36,0.38,0,0,0,0,1
2024-02-22,sh.516080,0.526,0.533,0.526,0.532,0.528,145438,7698146.0,1.0,0.76,0,0,0,0,1
2024-02-23,sh.516080,0.535,0.536,0.527,0.534,0.532,148169,7881936.0,1.02,0.38,0,0,0,0,1
2024-02-26,sh.516080,0.534,0.545,0.529,0.537,0.534,115772,6216019.0,0.79,0.56,0,0,0,0,1
2024-02-27,sh.516080,0.54,0.547,0.535,0.547,0.537,81037,4379316.0,0.56,1.86,0,0,0,0,1
2024-02-28,sh.516080,0.55,0.564,0.538,0.538,0.547,185413,10223521.0,1.27,-1.65,0,0,0,0,1
2024-02-29,sh.516080,0.535,0.55,0.531,0.55,0.538,176106,9585344.0,1.21,2.23,0,0,0,0,1
2024-03-01,sh.516080,0.55,0.55,0.542,0.55,0.55,96960,5298974.0,0.66,0.0,0,0,0,0,1
2024-03-04,sh.516080,0.549,0.57,0.549,0.565,0.55,155016,8708597.0,1.06,2.73,0,0,0,0,1
2024-03-05,sh.516080,0.563,0.563,0.554,0.556,0.565,135392,7543954.0,0.93,-1.59,0,0,0,0,1
2024-03-06,sh.516080,0.556,0.557,0.545,0.55,0.556,153000,8436040.0,1.05,-1.08,0,0,0,0,1
2024-03-07,sh.516080,0.548,0.548,0.524,0.525,0.55,258951,13788488.0,1.78,-4.55,0,0,0,0,1
2024-03-08,sh.516080,0.528,0.532,0.524,0.528,0.525,170497,8999822.0,1.17,0.57,0,0,0,0,1
2024-03-11,sh.516080,0.528,0.544,0.526,0.544,0.528,231372,12399748.0,1.59,3.03,0,0,0,0,1
2024-03-12,sh.516080,0.544,0.557,0.544,0.557,0.544,234262,12973679.0,1.61,2.39,0,0,0,0,1
2024-03-13,sh.516080,0.557,0.557,0.548,0.554,0.557,112788,6224181.0,0.77,-0.54,0,0,0,0,1
2024-03-14,sh.516080,0.582,0.6,0.558,0.562,0.554,356063,20337581.0,2.44,1.44,0,0,0,0,1
2024-03-15,sh.516080,0.56,0.57,0.553,0.56,0.562,150290,8405305.0,1.03,-0.36,0,0,0,0,1
2024-03-18,sh.516080,0.562,0.569,0.552,0.568,0.56,192518,10792261.0,1.32,1.43,0,0,0,0,1
2024-03-19,sh.516080,0.567,0.567,0.557,0.557,0.568,154073,8645525.0,1.06,-1.94,0,0,0,0,1
2024-03-20,sh.516080,0.558,0.56,0.553,0.557,0.557,180940,10050901.0,1.24,0.0,0,0,0,0,1
2024-03-21,sh.516080,0.557,0.56,0.551,0.552,0.557,124434,6891975.0,0.85,-0.9,0,0,0,0,1
2024-03-22,sh.516080,0.552,0.552,0.536,0.538,0.552,172857,9349535.0,1.19,-2.54,0,0,0,0,1
2024-03-25,sh.516080,0.539,0.545,0.534,0.535,0.538,149441,8077239.0,1.02,-0.56,0,0,0,0,1
2024-03-26,sh.516080,0.533,0.534,0.527,0.533,0.535,172096,9125858.0,1.18,-0.37,0,0,0,0,1
2024-03-27,sh.516080,0.532,0.533,0.523,0.524,0.533,124610,6602514.0,0.85,-1.69,0,0,0,0,1
2024-03-28,sh.516080,0.523,0.534,0.521,0.529,0.524,168513,8902703.0,1.16,0.95,0,0,0,0,1
2024-03-29,sh.516080,0.527,0.527,0.52,0.527,0.529,118437,6190493.0,0.81,-0.38,0,0,0,0,1
2024-04-01,sh.516080,0.527,0.536,0.527,0.536,0.527,127672,6789699.0,0.88,1.71,0,0,0,0,1
2024-04-02,sh.516080,0.534,0.535,0.525,0.528,0.536,115251,6093798.0,0.79,-1.49,0,0,0,0,1
2024-04-03,sh.516080,0.527,0.53,0.524,0.524,0.528,72347,3814892.0,0.5,-0.76,0,0,0,0,1
2024-04-08,sh.516080,0.526,0.526,0.515,0.516,0.524,112880,5863479.0,0.77,-1.53,0,0,0,0,1
2024-04-09,sh.516080,0.517,0.527,0.511,0.526,0.516,137919,7178041.0,0.95,1.94,0,0,0,0,1
2024-04-10,sh.516080,0.524,0.526,0.516,0.519,0.526,86332,4493762.0,0.59,-1.33,0,0,0,0,1
2024-04-11,sh.516080,0.516,0.521,0.513,0.515,0.519,149311,7706643.0,1.02,-0.77,0,0,0,0,1
2024-04-12,sh.516080,0.516,0.518,0.508,0.509,0.515,124501,6374207.0,0.85,-1.17,0,0,0,0,1
2024-04-15,sh.516080,0.509,0.515,0.504,0.509,0.509,131091,6680131.0,0.9,0.0,0,0,0,0,1
2024-04-16,sh.516080,0.509,0.512,0.498,0.498,0.509,147189,7436445.0,1.01,-2.16,0,0,0,0,1
2024-04-17,sh.516080,0.499,0.507,0.499,0.506,0.498,169352,8535377.0,1.16,1.61,0,0,0,0,1
2024-04-18,sh.516080,0.508,0.511,0.501,0.504,0.506,168133,8529380.0,1.15,-0.4,0,0,0,0,1
2024-04-19,sh.516080,0.504,0.504,0.492,0.495,0.504,110475,5476289.0,0.76,-1.79,0,0,0,0,1
2024-04-22,sh.516080,0.495,0.504,0.494,0.499,0.495,98762,4931649.0,0.68,0.81,0,0,0,0,1
2024-04-23,sh.516080,0.498,0.505,0.488,0.503,0.499,125537,6223701.0,0.86,0.8,0,0,0,0,1
2024-04-24,sh.516080,0.503,0.503,0.497,0.501,0.503,79532,3976944.0,0.55,-0.4,0,0,0,0,1
2024-04-25,sh.516080,0.498,0.513,0.498,0.507,0.501,115744,5855032.0,0.79,1.2,0,0,0,0,1
2024-04-26,sh.516080,0.506,0.523,0.505,0.522,0.507,131997,6806994.0,0.9,2.96,0,0,0,0,1
2024-04-29,sh.516080,0.522,0.535,0.52,0.531,0.522,186752,9859499.0,1.28,1.72,0,0,0,0,1
2024-04-30,sh.516080,0.532,0.535,0.528,0.533,0.531,120380,6395746.0,0.83,0.38,0,0,0,0,1
2024-05-06,sh.516080,0.538,0.55,0.538,0.548,0.533,244616,13315598.0,1.68,2.81,0,0,0,0,1
2024-05-07,sh.516080,0.55,0.55,0.542,0.545,0.548,170693,9302563.0,1.17,-0.55,0,0,0,0,1
2024-05-08,sh.516080,0.545,0.549,0.539,0.54,0.545,99433,5389047.0,0.68,-0.92,0,0,0,0,1
2024-05-09,sh.516080,0.541,0.552,0.539,0.548,0.54,203999,11164867.0,1.4,1.48,0,0,0,0,1
2024-05-10,sh.516080,0.548,0.548,0.541,0.542,0.548,103376,5611669.0,0.71,-1.09,0,0,0,0,1
2024-05-13,sh.516080,0.547,0.548,0.535,0.537,0.542,83256,4505959.0,0.57,-0.92,0,0,0,0,1
2024-05-14,sh.516080,0.537,0.543,0.537,0.539,0.537,104739,5657716.0,0.72,0.37,0,0,0,0,1
2024-05-15,sh.516080,0.539,0.539,0.529,0.53,0.539,97321,5174500.0,0.67,-1.67,0,0,0,0,1
2024-05-16,sh.516080,0.533,0.533,0.524,0.528,0.53,83856,4436314.0,0.57,-0.38,0,0,0,0,1
2024-05-17,sh.516080,0.529,0.532,0.523,0.53,0.528,75066,3956275.0,0.51,0.38,0,0,0,0,1
2024-05-20,sh.516080,0.53,0.532,0.526,0.529,0.53,92419,4879830.0,0.63,-0.19,0,0,0,0,1
2024-05-21,sh.516080,0.529,0.531,0.52,0.521,0.529,96251,5042118.0,0.66,-1.51,0,0,0,0,1
2024-05-22,sh.516080,0.523,0.523,0.517,0.52,0.521,101140,5253986.0,0.69,-0.19,0,0,0,0,1
2024-05-23,sh.516080,0.518,0.519,0.509,0.51,0.52,92540,4745687.0,0.63,-1.92,0,0,0,0,1
2024-05-24,sh.516080,0.512,0.514,0.505,0.506,0.51,111496,5668148.0,0.76,-0.78,0,0,0,0,1
2024-05-27,sh.516080,0.505,0.508,0.497,0.508,0.506,161034,8050160.0,1.1,0.4,0,0,0,0,1
2024-05-28,sh.516080,0.505,0.509,0.503,0.505,0.508,98523,4991399.0,0.68,-0.59,0,0,0,0,1
2024-05-29,sh.516080,0.503,0.508,0.501,0.503,0.505,92335,4662724.0,0.63,-0.4,0,0,0,0,1
2024-05-30,sh.516080,0.503,0.506,0.499,0.503,0.503,67313,3383511.0,0.46,0.0,0,0,0,0,1
2024-05-31,sh.516080,0.504,0.511,0.503,0.504,0.503,152568,7714838.0,1.05,0.2,0,0,0,0,1
2024-06-03,sh.516080,0.502,0.503,0.494,0.497,0.504,89902,4486073.0,0.62,-1.39,0,0,0,0,1
2024-06-04,sh.516080,0.497,0.51,0.497,0.51,0.497,149173,7519612.0,1.02,2.62,0,0,0,0,1
2024-06-05,sh.516080,0.51,0.514,0.506,0.509,0.51,201828,10304645.0,1.38,-0.2,0,0,0,0,1
2024-06-06,sh.516080,0.509,0.51,0.5,0.502,0.509,190141,9577721.0,1.3,-1.38,0,0,0,0,1
2024-06-07,sh.516080,0.505,0.505,0.496,0.497,0.502,108850,5430908.0,0.75,-1.0,0,0,0,0,1
2024-06-11,sh.516080,0.497,0.504,0.492,0.502,0.497,102614,5104309.0,0.7,1.01,0,0,0,0,1
2024-06-12,sh.516080,0.498,0.513,0.498,0.507,0.502,133983,6795807.0,0.92,1.0,0,0,0,0,1
2024-06-13,sh.516080,0.507,0.509,0.503,0.506,0.507,84777,4292849.0,0.58,-0.2,0,0,0,0,1
2024-06-14,sh.516080,0.506,0.506,0.494,0.5,0.506,90672,4510195.0,0.62,-1.19,0,0,0,0,1
2024-06-17,sh.516080,0.5,0.501,0.496,0.501,0.5,84200,4203916.0,0.58,0.2,0,0,0,0,1
2024-06-18,sh.516080,0.501,0.501,0.493,0.496,0.501,186106,9222948.0,1.28,-1.0,0,0,0,0,1
2024-06-19,sh.516080,0.496,0.496,0.488,0.489,0.496,145191,7117603.0,1.0,-1.41,0,0,0,0,1
2024-06-20,sh.516080,0.489,0.493,0.48,0.481,0.489,171148,8353807.0,1.17,-1.64,0,0,0,0,1
2024-06-21,sh.516080,0.481,0.486,0.478,0.483,0.481,150083,7226788.0,1.03,0.42,0,0,0,0,1
2024-06-24,sh.516080,0.482,0.482,0.474,0.476,0.483,170385,8134044.0,1.17,-1.45,0,0,0,0,1
2024-06-25,sh.516080,0.475,0.477,0.469,0.471,0.476,177461,8400891.0,1.22,-1.05,0,0,0,0,1
2024-06-26,sh.516080,0.47,0.482,0.47,0.481,0.471,112964,5354724.0,0.77,2.12,0,0,0,0,1
2024-06-27,sh.516080,0.477,0.479,0.47,0.471,0.481,57802,2729411.0,0.4,-2.08,0,0,0,0,1
2024-06-28,sh.516080,0.471,0.474,0.464,0.466,0.471,175884,8234633.0,1.21,-1.06,0,0,0,0,1
2024-07-01,sh.516080,0.466,0.469,0.459,0.467,0.466,91101,4236422.0,0.62,0.21,0,0,0,0,1
2024-07-02,sh.516080,0.467,0.467,0.461,0.463,0.467,74148,3446539.0,0.51,-0.86,0,0,0,0,1
2024-07-03,sh.516080,0.463,0.466,0.459,0.461,0.463,91158,4201757.0,0.62,-0.43,0,0,0,0,1
2024-07-04,sh.516080,0.461,0.461,0.45,0.451,0.461,142824,6470249.0,0.98,-2.17,0,0,0,0,1
2024-07-05,sh.516080,0.451,0.47,0.449,0.468,0.451,197761,9056345.0,1.36,3.77,0,0,0,0,1
2024-07-08,sh.516080,0.468,0.469,0.453,0.456,0.468,147950,6787227.0,1.01,-2.56,0,0,0,0,1
2024-07-09,sh.516080,0.453,0.458,0.447,0.457,0.456,185443,8379749.0,1.27,0.22,0,0,0,0,1
2024-07-10,sh.516080,0.456,0.462,0.452,0.455,0.457,136332,6233227.0,0.93,-0.44,0,0,0,0,1
2024-07-11,sh.516080,0.46,0.471,0.458,0.468,0.455,138712,6463543.0,0.95,2.86,0,0,0,0,1
2024-07-12,sh.516080,0.47,0.476,0.47,0.474,0.468,90413,4276719.0,0.62,1.28,0,0,0,0,1
2024-07-15,sh.516080,0.47,0.473,0.465,0.468,0.474,108639,5079162.0,0.74,-1.27,0,0,0,0,1
2024-07-16,sh.516080,0.469,0.47,0.466,0.47,0.468,62517,2925118.0,0.43,0.43,0,0,0,0,1
2024-07-17,sh.516080,0.47,0.48,0.47,0.478,0.47,153335,7296539.0,1.05,1.7,0,0,0,0,1
2024-07-18,sh.516080,0.478,0.482,0.473,0.481,0.478,128197,6126624.0,0.88,0.63,0,0,0,0,1
2024-07-19,sh.516080,0.48,0.485,0.478,0.482,0.481,113756,5484086.0,0.78,0.21,0,0,0,0,1
2024-07-22,sh.516080,0.482,0.49,0.479,0.487,0.482,79081,3843915.0,0.54,1.04,0,0,0,0,1
2024-07-23,sh.516080,0.485,0.485,0.469,0.47,0.487,80277,3824387.0,0.55,-3.49,0,0,0,0,1
2024-07-24,sh.516080,0.469,0.474,0.464,0.465,0.47,108605,5076775.0,0.74,-1.06,0,0,0,0,1
2024-07-25,sh.516080,0.463,0.471,0.462,0.467,0.465,105071,4908925.0,0.72,0.43,0,0,0,0,1
2024-07-26,sh.516080,0.467,0.47,0.463,0.467,0.467,114051,5323004.0,0.78,0.0,0,0,0,0,1
2024-07-29,sh.516080,0.466,0.466,0.46,0.461,0.467,64026,2963542.0,0.44,-1.28,0,0,0,0,1
2024-07-30,sh.516080,0.464,0.467,0.46,0.462,0.461,117218,5421261.0,0.8,0.22,0,0,0,0,1
2024-07-31,sh.516080,0.462,0.486,0.46,0.485,0.462,211232,10048723.0,1.45,4.98,0,0,0,0,1
2024-08-01,sh.516080,0.485,0.49,0.479,0.481,0.485,96489,4671442.0,0.66,-0.82,0,0,0,0,1
2024-08-02,sh.516080,0.483,0.495,0.481,0.487,0.481,179215,8771720.0,1.23,1.25,0,0,0,0,1
2024-08-05,sh.516080,0.49,0.498,0.483,0.485,0.487,214713,10525227.0,1.47,-0.41,0,0,0,0,1
2024-08-06,sh.516080,0.487,0.494,0.484,0.493,0.485,191639,9358755.0,1.31,1.65,0,0,0,0,1
2024-08-07,sh.516080,0.493,0.493,0.485,0.488,0.493,117516,5737654.0,0.81,-1.01,0,0,0,0,1
2024-08-08,sh.516080,0.487,0.494,0.487,0.488,0.488,63933,3133543.0,0.44,0.0,0,0,0,0,1
2024-08-09,sh.516080,0.492,0.492,0.481,0.481,0.488,63354,3073167.0,0.43,-1.43,0,0,0,0,1
2024-08-12,sh.516080,0.481,0.49,0.48,0.487,0.481,82950,4025011.0,0.57,1.25,0,0,0,0,1
2024-08-13,sh.516080,0.487,0.487,0.478,0.482,0.487,79654,3828273.0,0.55,-1.03,0,0,0,0,1
2024-08-14,sh.516080,0.483,0.483,0.473,0.474,0.482,107194,5103925.0,0.73,-1.66,0,0,0,0,1
2024-08-15,sh.516080,0.475,0.482,0.473,0.477,0.474,71178,3395632.0,0.49,0.63,0,0,0,0,1
2024-08-16,sh.516080,0.476,0.481,0.473,0.48,0.477,73691,3524796.0,0.51,0.63,0,0,0,0,1
2024-08-19,sh.516080,0.48,0.485,0.475,0.476,0.48,69230,3314208.0,0.47,-0.83,0,0,0,0,1
2024-08-20,sh.516080,0.475,0.476,0.467,0.468,0.476,97812,4610164.0,0.67,-1.68,0,0,0,0,1
2024-08-21,sh.516080,0.471,0.471,0.463,0.465,0.468,82736,3855233.0,0.57,-0.64,0,0,0,0,1
2024-08-22,sh.516080,0.465,0.469,0.46,0.461,0.465,108673,5030881.0,0.75,-0.86,0,0,0,0,1
2024-08-23,sh.516080,0.46,0.462,0.457,0.458,0.461,77587,3560986.0,0.53,-0.65,0,0,0,0,1
2024-08-26,sh.516080,0.458,0.461,0.455,0.46,0.458,77750,3569010.0,0.53,0.44,0,0,0,0,1
2024-08-27,sh.516080,0.461,0.466,0.459,0.462,0.46,45148,2084784.0,0.31,0.43,0,0,0,0,1
2024-08-28,sh.516080,0.463,0.465,0.458,0.462,0.462,80581,3725883.0,0.55,0.0,0,0,0,0,1
2024-08-29,sh.516080,0.464,0.47,0.46,0.468,0.462,79497,3706055.0,0.55,1.3,0,0,0,0,1
2024-08-30,sh.516080,0.468,0.476,0.465,0.471,0.468,180202,8500730.0,1.24,0.64,0,0,0,0,1
2024-09-02,sh.516080,0.471,0.471,0.46,0.461,0.471,90510,4200658.0,0.62,-2.12,0,0,0,0,1
2024-09-03,sh.516080,0.46,0.47,0.46,0.465,0.461,48498,2262394.0,0.33,0.87,0,0,0,0,1
2024-09-04,sh.516080,0.466,0.473,0.463,0.466,0.465,87853,4115929.0,0.6,0.22,0,0,0,0,1
2024-09-05,sh.516080,0.47,0.473,0.469,0.47,0.466,42092,1982237.0,0.29,0.86,0,0,0,0,1
2024-09-06,sh.516080,0.47,0.47,0.461,0.461,0.47,80320,3731629.0,0.55,-1.91,0,0,0,0,1
2024-09-09,sh.516080,0.463,0.469,0.461,0.462,0.461,90817,4215831.0,0.62,0.22,0,0,0,0,1
2024-09-10,sh.516080,0.462,0.462,0.452,0.458,0.462,88177,4013731.0,0.6,-0.87,0,0,0,0,1
2024-09-11,sh.516080,0.459,0.466,0.455,0.465,0.458,77482,3590493.0,0.53,1.53,0,0,0,0,1
2024-09-12,sh.516080,0.466,0.471,0.461,0.462,0.465,75980,3546814.0,0.52,-0.65,0,0,0,0,1
2024-09-13,sh.516080,0.462,0.463,0.458,0.458,0.462,86865,3995897.0,0.6,-0.87,0,0,0,0,1
2024-09-18,sh.516080,0.459,0.46,0.455,0.459,0.458,85256,3897602.0,0.58,0.22,0,0,0,0,1
2024-09-19,sh.516080,0.461,0.469,0.457,0.462,0.459,77797,3598290.0,0.53,0.65,0,0,0,0,1
2024-09-20,sh.516080,0.459,0.46,0.451,0.454,0.462,98834,4491604.0,0.68,-1.73,0,0,0,0,1
2024-09-23,sh.516080,0.461,0.463,0.452,0.453,0.454,61091,2789000.0,0.42,-0.22,0,0,0,0,1
2024-09-24,sh.516080,0.456,0.465,0.449,0.465,0.453,132013,6036182.0,0.91,2.65,0,0,0,0,1
2024-09-25,sh.516080,0.465,0.478,0.465,0.471,0.465,154823,7341033.0,1.06,1.29,0,0,0,0,1
2024-09-26,sh.516080,0.469,0.489,0.465,0.489,0.471,159920,7621472.0,1.1,3.82,0,0,0,0,1
2024-09-27,sh.516080,0.495,0.522,0.495,0.521,0.489,165544,8408283.0,1.13,6.54,0,0,0,0,1
2024-09-30,sh.516080,0.545,0.573,0.54,0.573,0.521,338458,19031930.0,2.32,9.98,0,0,0,0,1
2024-10-08,sh.516080,0.63,0.63,0.585,0.63,0.573,448673,27901832.0,3.08,9.95,0,0,0,0,1
2024-10-09,sh.516080,0.631,0.631,0.582,0.583,0.63,443997,26845737.0,3.04,-7.46,0,0,0,0,1
2024-10-10,sh.516080,0.586,0.606,0.575,0.582,0.583,279206,16489516.0,1.91,-0.17,0,0,0,0,1
2024-10-11,sh.516080,0.572,0.577,0.542,0.55,0.582,550457,30553655.0,3.77,-5.5,0,0,0,0,1
2024-10-14,sh.516080,0.55,0.557,0.538,0.557,0.55,149556,8212049.0,1.03,1.27,0,0,0,0,1
2024-10-15,sh.516080,0.556,0.562,0.542,0.543,0.557,161888,8935472.0,1.11,-2.51,0,0,0,0,1
2024-10-16,sh.516080,0.531,0.543,0.531,0.535,0.543,231854,12434923.0,1.59,-1.47,0,0,0,0,1
2024-10-17,sh.516080,0.534,0.544,0.533,0.533,0.535,147145,7957852.0,1.01,-0.37,0,0,0,0,1
2024-10-18,sh.516080,0.532,0.569,0.53,0.554,0.533,221174,12098588.0,1.52,3.94,0,0,0,0,1
2024-10-21,sh.516080,0.559,0.566,0.546,0.558,0.554,242675,13500001.0,1.66,0.72,0,0,0,0,1
2024-10-22,sh.516080,0.558,0.566,0.555,0.562,0.558,153750,8636273.0,1.05,0.72,0,0,0,0,1
2024-10-23,sh.516080,0.563,0.567,0.556,0.563,0.562,168667,9450068.0,1.16,0.18,0,0,0,0,1
2024-10-24,sh.516080,0.564,0.566,0.555,0.556,0.563,136014,7623094.0,0.93,-1.24,0,0,0,0,1
2024-10-25,sh.516080,0.556,0.568,0.55,0.566,0.556,211704,11861815.0,1.45,1.8,0,0,0,0,1
2024-10-28,sh.516080,0.566,0.574,0.561,0.574,0.566,199463,11332855.0,1.37,1.41,0,0,0,0,1
2024-10-29,sh.516080,0.575,0.579,0.56,0.56,0.574,209679,11912322.0,1.44,-2.44,0,0,0,0,1
2024-10-30,sh.516080,0.561,0.565,0.547,0.55,0.56,129709,7184869.0,0.89,-1.79,0,0,0,0,1
2024-10-31,sh.516080,0.548,0.555,0.545,0.548,0.55,207289,11388223.0,1.42,-0.36,0,0,0,0,1
2024-11-01,sh.516080,0.548,0.556,0.545,0.548,0.548,137734,7571106.0,0.94,0.0,0,0,0,0,1
2024-11-04,sh.516080,0.557,0.559,0.55,0.556,0.548,135657,7532732.0,0.93,1.46,0,0,0,0,1
2024-11-05,sh.516080,0.553,0.568,0.551,0.568,0.556,251652,14151417.0,1.73,2.16,0,0,0,0,1
2024-11-06,sh.516080,0.568,0.576,0.564,0.568,0.568,188686,10763943.0,1.29,0.0,0,0,0,0,1
2024-11-07,sh.516080,0.569,0.583,0.56,0.583,0.568,323828,18598529.0,2.22,2.64,0,0,0,0,1
2024-11-08,sh.516080,0.598,0.6,0.575,0.576,0.583,430922,25097068.0,2.95,-1.2,0,0,0,0,1
2024-11-11,sh.516080,0.576,0.587,0.569,0.587,0.576,296102,17092360.0,2.03,1.91,0,0,0,0,1
2024-11-12,sh.516080,0.593,0.607,0.586,0.591,0.587,386076,23019577.0,2.65,0.68,0,0,0,0,1
2024-11-13,sh.516080,0.59,0.593,0.577,0.584,0.591,176541,10286820.0,1.21,-1.18,0,0,0,0,1
2024-11-14,sh.516080,0.586,0.586,0.566,0.568,0.584,187965,10827910.0,1.29,-2.74,0,0,0,0,1
2024-11-15,sh.516080,0.568,0.568,0.556,0.556,0.568,151255,8514483.0,1.04,-2.11,0,0,0,0,1
2024-11-18,sh.516080,0.557,0.56,0.544,0.548,0.556,191365,10576080.0,1.31,-1.44,0,0,0,0,1
2024-11-19,sh.516080,0.549,0.553,0.541,0.553,0.548,148627,8149616.0,1.02,0.91,0,0,0,0,1
2024-11-20,sh.516080,0.55,0.574,0.55,0.569,0.553,325798,18429222.0,2.23,2.89,0,0,0,0,1
2024-11-21,sh.516080,0.574,0.575,0.566,0.57,0.569,170017,9703900.0,1.17,0.18,0,0,0,0,1
2024-11-22,sh.516080,0.57,0.57,0.545,0.546,0.57,165559,9189617.0,1.14,-4.21,0,0,0,0,1
2024-11-25,sh.516080,0.547,0.552,0.54,0.546,0.546,129795,7082674.0,0.89,0.0,0,0,0,0,1
2024-11-26,sh.516080,0.546,0.558,0.545,0.548,0.546,121553,6715950.0,0.83,0.37,0,0,0,0,1
2024-11-27,sh.516080,0.548,0.561,0.545,0.56,0.548,156267,8631366.0,1.07,2.19,0,0,0,0,1
2024-11-28,sh.516080,0.561,0.565,0.554,0.556,0.56,133045,7435611.0,0.91,-0.71,0,0,0,0,1
2024-11-29,sh.516080,0.555,0.571,0.555,0.567,0.556,500413,28268256.0,3.43,1.98,0,0,0,0,1
2024-12-02,sh.516080,0.565,0.575,0.565,0.573,0.567,107296,6120073.0,0.74,1.06,0,0,0,0,1
2024-12-03,sh.516080,0.573,0.574,0.567,0.571,0.573,89769,5123915.0,0.62,-0.35,0,0,0,0,1
2024-12-04,sh.516080,0.569,0.57,0.56,0.563,0.571,92446,5228334.0,0.63,-1.4,0,0,0,0,1
2024-12-05,sh.516080,0.562,0.563,0.558,0.562,0.563,58157,3257667.0,0.4,-0.18,0,0,0,0,1
2024-12-06,sh.516080,0.56,0.579,0.56,0.576,0.562,157302,8978424.0,1.08,2.49,0,0,0,0,1
2024-12-09,sh.516080,0.585,0.589,0.577,0.579,0.576,138026,8028611.0,0.95,0.52,0,0,0,0,1
2024-12-10,sh.516080,0.595,0.595,0.574,0.577,0.579,198029,11542987.0,1.36,-0.35,0,0,0,0,1
2024-12-11,sh.516080,0.575,0.579,0.574,0.576,0.577,88494,5100469.0,0.61,-0.17,0,0,0,0,1
2024-12-12,sh.516080,0.576,0.578,0.572,0.576,0.576,116708,6717286.0,0.8,0.0,0,0,0,0,1
2024-12-13,sh.516080,0.577,0.578,0.566,0.567,0.576,151404,8634857.0,1.04,-1.56,0,0,0,0,1
2024-12-16,sh.516080,0.566,0.568,0.558,0.56,0.567,116231,6512516.0,0.8,-1.23,0,0,0,0,1
2024-12-17,sh.516080,0.56,0.562,0.554,0.557,0.56,123894,6908451.0,0.85,-0.54,0,0,0,0,1
2024-12-18,sh.516080,0.557,0.561,0.556,0.558,0.557,90169,5028165.0,0.62,0.18,0,0,0,0,1
2024-12-19,sh.516080,0.555,0.557,0.55,0.555,0.558,95018,5256701.0,0.65,-0.54,0,0,0,0,1
2024-12-20,sh.516080,0.557,0.559,0.554,0.555,0.555,83578,4655796.0,0.57,0.0,0,0,0,0,1
2024-12-23,sh.516080,0.552,0.555,0.548,0.548,0.555,104775,5776324.0,0.72,-1.26,0,0,0,0,1
2024-12-24,sh.516080,0.548,0.553,0.548,0.552,0.548,67932,3745447.0,0.47,0.73,0,0,0,0,1
2024-12-25,sh.516080,0.559,0.559,0.546,0.549,0.552,96022,5290119.0,0.66,-0.54,0,0,0,0,1
2024-12-26,sh.516080,0.548,0.55,0.546,0.548,0.549,67899,3716038.0,0.47,-0.18,0,0,0,0,1
2024-12-27,sh.516080,0.547,0.55,0.544,0.547,0.548,105825,5797779.0,0.73,-0.18,0,0,0,0,1
2024-12-30,sh.516080,0.545,0.551,0.544,0.547,0.547,103110,5650702.0,0.71,0.0,0,0,0,0,1
2024-12-31,sh.516080,0.548,0.549,0.537,0.537,0.547,120217,6517187.0,0.82,-1.83,0,0,0,0,1
